board,boardSlug,qualification,qualificationSlug,subject,subjectSlug,specCode,specStatus,specApplicability,officialSource1,officialSource2,verificationDate,summaryStatus,topicMapStatus,topicMapTopicCount,topicsWithoutResources,topicsWithoutResourcesList,assessmentStatus,assessmentRecordCount,assessmentCompleteness,assessmentModel,assessmentComponentCount,assessmentSourceUrl,assessmentVerifiedOn,assessmentLifecycleStatus,studyGuideCount,revisionNoteCount,pastPaperCount,practiceQuestionCount,examPrepCount,subjectGuideCount,learningArticleCount,totalResourceCount,resourcesUnder900Words,reviewedCount,reviewPendingCount,namedAuthors,namedReviewers,lastTeacherCredit,lastPublishedOrUpdated,demand,teachingStatus,enrolmentStatus,indexable,totalQualifyingWordCount,evidence,risks,nextAction
AQA,aqa,GCSE,gcse,Biology,biology,8461,verified,2016-ongoing,https://www.aqa.org.uk/subjects/biology/gcse/biology-8461,https://www.aqa.org.uk/subjects/biology/gcse/biology-8461/specification/specification-at-a-glance,2026-08-19,published,published,8,0,,modeled,1,VERIFIED_COMPLETE,linear,4,https://www.aqa.org.uk/subjects/biology/gcse/biology-8461/specification/specification-at-a-glance,2026-08-28,current,12,12,0,12,1,0,0,37,0,25,12,marlbridge-academic-team (37),hina-mogul (25),2026-09-29,2026-10-04,NO_DATA,teaching,enquire,true,62842,board,evidence-is-blanket-authorization-not-subject-specific-confirmation,Named-reviewer sign-off of review-pending resources.
AQA,aqa,GCSE,gcse,Business,business,8132,verified,2017-ongoing,https://www.aqa.org.uk/subjects/business/gcse/business-8132,https://www.aqa.org.uk/subjects/business/gcse/business-8132/specification/subject-content,2026-08-19,published,published,6,3,human-resources-aqa-gcse-business;marketing-aqa-gcse-business;finance-aqa-gcse-business,modeled,1,VERIFIED_COMPLETE,linear,2,https://www.aqa.org.uk/subjects/business/gcse/business-8132/specification/scheme-of-assessment,2026-08-28,current,3,2,0,2,1,0,0,8,0,8,0,marlbridge-academic-team (8),salman-ahmad (8),2026-09-29,2026-09-09,NO_DATA,teaching,enquire,true,8039,board,topics-without-resources;evidence-is-blanket-authorization-not-subject-specific-confirmation,Write resources for unmapped topics (3).
AQA,aqa,GCSE,gcse,Chemistry,chemistry,8462,verified,2016-ongoing,https://www.aqa.org.uk/subjects/science/gcse/chemistry-8462/specification/specification-at-a-glance,NO_DATA,2026-08-21,published,published,11,0,,modeled,1,VERIFIED_COMPLETE,linear,4,https://www.aqa.org.uk/subjects/chemistry/gcse/chemistry-8462/specification/specification-at-a-glance,2026-08-28,current,16,16,0,16,1,0,0,49,0,34,15,marlbridge-academic-team (49),nouman-ahmed (34),2026-09-29,2026-10-04,NO_DATA,teaching,enquire,true,86721,board,evidence-is-blanket-authorization-not-subject-specific-confirmation,Named-reviewer sign-off of review-pending resources.
AQA,aqa,GCSE,gcse,Economics,economics,8136,verified,2017-ongoing,https://www.aqa.org.uk/subjects/economics/gcse/economics-8136,https://www.aqa.org.uk/subjects/economics/gcse/economics-8136/specification/subject-content,2026-08-19,published,published,2,0,,modeled,1,VERIFIED_COMPLETE,linear,2,https://www.aqa.org.uk/subjects/economics/gcse/economics-8136/specification/specification-at-a-glance,2026-08-28,current,3,2,0,2,1,0,0,8,0,8,0,marlbridge-academic-team (8),salman-ahmad (8),2026-09-29,2026-09-09,NO_DATA,teaching,enquire,true,8620,board,evidence-is-blanket-authorization-not-subject-specific-confirmation,None.
AQA,aqa,GCSE,gcse,English Language,english-language,8700,verified,2015-ongoing,https://www.aqa.org.uk/subjects/english/gcse/english-8700/specification,https://www.aqa.org.uk/subjects/english/gcse/english-8700/specification/specification-at-a-glance,2026-08-18,published,published,3,1,spoken-language-8700,modeled,1,VERIFIED_COMPLETE,linear,2,https://www.aqa.org.uk/subjects/english/gcse/english-8700/specification/specification-at-a-glance,2026-08-28,current,2,2,0,2,1,1,0,8,0,8,0,marlbridge-academic-team (7); lubna-waseem (1),ammar-bilal (8),2026-09-29,2026-09-09,NO_DATA,teaching,enquire,true,8132,board,topics-without-resources;evidence-is-blanket-authorization-not-subject-specific-confirmation,Write resources for unmapped topics (1).
AQA,aqa,GCSE,gcse,World History,world-history,8145,verified,2016-ongoing,https://www.aqa.org.uk/subjects/history/gcse/history-8145/specification,https://www.aqa.org.uk/subjects/history/gcse/history-8145/specification/subject-content/understanding-the-modern-world,2026-08-18,published,published,2,0,,modeled,1,VERIFIED_COMPLETE,linear,2,https://www.aqa.org.uk/subjects/history/gcse/history-8145/specification/specification-at-a-glance,2026-08-28,current,3,3,0,3,1,1,0,11,0,11,0,marlbridge-academic-team (11),azam-siddique (11),2026-09-29,2026-09-07,NO_DATA,teaching,enquire,true,12342,board,evidence-is-blanket-authorization-not-subject-specific-confirmation,None.
AQA,aqa,GCSE,gcse,Mathematics,mathematics,8300,verified,2015-ongoing,https://www.aqa.org.uk/subjects/mathematics/gcse/mathematics-8300/specification,https://www.aqa.org.uk/subjects/mathematics/gcse/mathematics-8300/specification/subject-content,2026-08-19,published,published,6,0,,modeled,1,VERIFIED_COMPLETE,linear,6,https://www.aqa.org.uk/subjects/mathematics/gcse/mathematics-8300/specification/specification-at-a-glance,2026-08-28,current,13,13,0,13,1,0,0,40,0,19,21,marlbridge-academic-team (40),sajawal-zahid (19),2026-09-29,2026-10-04,NO_DATA,teaching,enquire,true,70637,board,evidence-is-blanket-authorization-not-subject-specific-confirmation,Named-reviewer sign-off of review-pending resources.
AQA,aqa,GCSE,gcse,Physics,physics,8463,verified,2016-ongoing,https://www.aqa.org.uk/subjects/physics/gcse/physics-8463/specification,https://www.aqa.org.uk/subjects/physics/gcse/physics-8463/specification/subject-content,2026-08-19,published,published,8,0,,modeled,1,VERIFIED_COMPLETE,linear,4,https://www.aqa.org.uk/subjects/physics/gcse/physics-8463/specification/specification-at-a-glance,2026-08-28,current,10,10,0,10,1,0,0,31,0,30,1,marlbridge-academic-team (26); iftikhar-azeemi (5),iftikhar-azeemi (25); hassan (5),2026-09-29,2026-10-04,NO_DATA,teaching,enquire,true,51603,board,evidence-is-blanket-authorization-not-subject-specific-confirmation,Named-reviewer sign-off of review-pending resources.
AQA,aqa,GCSE,gcse,Psychology,psychology,8182,verified,2017-ongoing,https://www.aqa.org.uk/subjects/psychology/gcse/psychology-8182/specification,NO_DATA,2026-08-19,published,published,2,0,,modeled,1,VERIFIED_COMPLETE,linear,2,https://www.aqa.org.uk/subjects/psychology/gcse/psychology-8182/specification/scheme-of-assessment,2026-08-28,current,3,2,0,2,1,0,0,8,0,0,8,marlbridge-academic-team (8),NO_DATA,NO_DATA,2026-09-09,NO_DATA,teaching,enquire,true,8909,board,evidence-is-blanket-authorization-not-subject-specific-confirmation,Named-reviewer sign-off of review-pending resources.
AQA,aqa,GCSE,gcse,Sociology,sociology,8192,verified,2017-ongoing,https://www.aqa.org.uk/subjects/sociology/gcse/sociology-8192/specification,https://www.aqa.org.uk/subjects/sociology/gcse/sociology-8192/specification/subject-content,2026-08-28,published,published,7,0,,modeled,1,VERIFIED_COMPLETE,linear,2,https://www.aqa.org.uk/subjects/sociology/gcse/sociology-8192/specification/specification-at-a-glance,2026-08-28,current,8,7,0,7,1,0,0,23,0,0,23,marlbridge-academic-team (23),NO_DATA,NO_DATA,2026-09-29,NO_DATA,teaching,enquire,true,42449,board,evidence-is-blanket-authorization-not-subject-specific-confirmation,Named-reviewer sign-off of review-pending resources.
AQA,aqa,A Level,a-level,Accounting,accounting,7127,verified,2017-ongoing,https://www.aqa.org.uk/subjects/accounting/a-level/accounting-7127,https://www.aqa.org.uk/subjects/accounting/a-level/accounting-7127/specification/subject-content,2026-08-18,published,published,18,15,verification-of-accounting-records-aqa;accounting-concepts-used-in-the-preparation-of-accounting-records;preparation-of-financial-statements-of-sole-traders;limited-company-accounts;analysis-and-evaluation-of-financial-information;budgeting-aqa;marginal-costing;standard-costing-and-variance-analysis;absorption-and-activity-based-costing;capital-investment-appraisal;accounting-for-organisations-with-incomplete-records;partnership-accounts;accounting-for-limited-companies;interpretation-analysis-and-communication-of-accounting-information;the-impact-of-ethical-considerations,modeled,1,VERIFIED_COMPLETE,linear,2,https://www.aqa.org.uk/subjects/accounting/a-level/accounting-7127/specification/specification-at-a-glance,2026-08-28,current,3,2,0,2,1,0,0,8,0,8,0,marlbridge-academic-team (8),javaid-iqbal-sabri (8),2026-09-29,2026-09-09,NO_DATA,teaching,enquire,true,8257,la-course,topics-without-resources,Write resources for unmapped topics (15).
AQA,aqa,A Level,a-level,Biology,biology,7402,verified,2015-ongoing,https://www.aqa.org.uk/subjects/biology/a-level/biology-7402,https://www.aqa.org.uk/subjects/biology/a-level/biology-7402/specification/subject-content,2026-08-19,published,published,8,5,genetic-information-variation-and-relationships-between-organisms-aqa-alevel-biology;energy-transfers-in-and-between-organisms-aqa-alevel-biology;organisms-respond-to-changes-in-their-internal-and-external-environments-aqa-alevel-biology;genetics-populations-evolution-and-ecosystems-aqa-alevel-biology;the-control-of-gene-expression-aqa-alevel-biology,modeled,1,VERIFIED_COMPLETE,linear,3,https://www.aqa.org.uk/subjects/biology/a-level/biology-7402/specification/specification-at-a-glance,2026-08-28,current,3,2,0,2,1,0,0,8,0,8,0,marlbridge-academic-team (8),hina-mogul (8),2026-09-29,2026-09-09,NO_DATA,teaching,enquire,true,8673,la-course,topics-without-resources,Write resources for unmapped topics (5).
AQA,aqa,A Level,a-level,Business,business,7132,verified,2023-2027,https://www.aqa.org.uk/subjects/business/a-level/business-7132,https://www.aqa.org.uk/subjects/business/a-level/business-7132/specification/subject-content,2026-08-19,published,published,10,8,marketing-management-aqa-alevel-business;operational-management-aqa-alevel-business;financial-management-aqa-alevel-business;human-resource-management-aqa-alevel-business;analysing-the-strategic-position-of-a-business-aqa-alevel-business;choosing-strategic-direction-aqa-alevel-business;strategic-methods-how-to-pursue-strategies-aqa-alevel-business;managing-strategic-change-aqa-alevel-business,modeled,2,VERIFIED_COMPLETE,linear,3,https://www.aqa.org.uk/subjects/business/a-level/business-7138/specification,2026-08-28,current,3,3,0,3,0,1,0,10,1,10,0,marlbridge-academic-team (10),salman-ahmad (10),2026-09-29,2026-09-17,NO_DATA,teaching,enquire,true,13759,la-course,topics-without-resources,Write resources for unmapped topics (8).
AQA,aqa,A Level,a-level,Chemistry,chemistry,7405,verified,2015-ongoing,https://www.aqa.org.uk/subjects/chemistry/a-level/chemistry-7405/specification/specification-at-a-glance,NO_DATA,2026-08-21,published,published,34,31,energetics-7405;kinetics-7405;chemical-equilibria-le-chateliers-principle-and-kc-7405;oxidation-reduction-and-redox-equations-7405;thermodynamics-7405;rate-equations-7405;equilibrium-constant-kp-for-homogeneous-systems-7405;electrode-potentials-and-electrochemical-cells-7405;acids-and-bases-7405;periodicity-7405;group-2-the-alkaline-earth-metals-7405;group-7-17-the-halogens-7405;properties-of-period-3-elements-and-their-oxides-7405;transition-metals-7405;reactions-of-ions-in-aqueous-solution-7405;introduction-to-organic-chemistry-7405;alkanes-7405;halogenoalkanes-7405;alkenes-7405;alcohols-7405;organic-analysis-7405;optical-isomerism-7405;aldehydes-and-ketones-7405;carboxylic-acids-and-derivatives-7405;aromatic-chemistry-7405;amines-7405;polymers-7405;amino-acids-proteins-and-dna-7405;organic-synthesis-7405;nuclear-magnetic-resonance-spectroscopy-7405;chromatography-7405,modeled,1,VERIFIED_COMPLETE,linear,3,https://www.aqa.org.uk/subjects/chemistry/a-level/chemistry-7405/specification/specification-at-a-glance,2026-08-28,current,3,2,0,2,1,0,0,8,0,8,0,marlbridge-academic-team (8),nouman-ahmed (8),2026-09-29,2026-09-27,NO_DATA,teaching,enquire,true,8378,la-course,topics-without-resources,Write resources for unmapped topics (31).
AQA,aqa,A Level,a-level,Computer Science,computer-science,7517,verified,2015-ongoing,https://www.aqa.org.uk/subjects/computer-science/a-level/computer-science-7517,https://www.aqa.org.uk/subjects/computer-science/a-level/computer-science-7517/specification/subject-content,2026-08-19,published,published,13,10,theory-of-computation-7517;fundamentals-of-data-representation;fundamentals-of-computer-systems;fundamentals-of-computer-organisation-and-architecture;consequences-of-uses-of-computing;fundamentals-of-communication-and-networking;fundamentals-of-databases;big-data;fundamentals-of-functional-programming;systematic-approach-to-problem-solving-7517,modeled,1,VERIFIED_COMPLETE,linear,3,https://www.aqa.org.uk/subjects/computer-science/a-level/computer-science-7517/specification/specification-at-a-glance,2026-08-28,current,3,2,0,2,1,0,0,8,0,8,0,marlbridge-academic-team (8),harris-khan (8),2026-09-29,2026-09-09,NO_DATA,teaching,enquire,true,9587,la-course,topics-without-resources,Write resources for unmapped topics (10).
AQA,aqa,A Level,a-level,Economics,economics,7136,verified,2015-ongoing,https://www.aqa.org.uk/subjects/economics/a-level/economics-7136,https://www.aqa.org.uk/subjects/economics/a-level/economics-7136/specification/subject-content,2026-08-25,published,published,2,0,,modeled,1,VERIFIED_COMPLETE,linear,3,https://www.aqa.org.uk/subjects/economics/a-level/economics-7136/specification/specification-at-a-glance,2026-08-28,current,3,2,0,2,1,0,0,8,0,8,0,marlbridge-academic-team (8),salman-ahmad (8),2026-09-29,2026-09-09,NO_DATA,teaching,enquire,true,9980,la-course,none,None.
AQA,aqa,A Level,a-level,English Language,english-language,7702,verified,2015-ongoing,https://www.aqa.org.uk/subjects/english/a-level/english-7702/specification,https://www.aqa.org.uk/subjects/english/a-level/english-7702/specification/specification-at-a-glance,2026-08-19,published,published,3,0,,modeled,1,VERIFIED_COMPLETE,linear,3,https://www.aqa.org.uk/subjects/english/a-level/english-7702/specification/specification-at-a-glance,2026-08-28,current,3,2,0,2,1,0,0,8,0,8,0,marlbridge-academic-team (8),ammar-bilal (8),2026-09-29,2026-09-09,NO_DATA,teaching,enquire,true,9269,la-course,none,None.
AQA,aqa,A Level,a-level,Law,law,7162,verified,2017-ongoing,https://www.aqa.org.uk/subjects/law/a-level/law-7162/specification,https://www.aqa.org.uk/subjects/law/a-level/law-7162/specification/specification-at-a-glance,2026-08-21,published,published,5,2,law-of-contract-7162;human-rights-7162,modeled,1,VERIFIED_COMPLETE,linear,3,https://www.aqa.org.uk/subjects/law/a-level/law-7162/specification/specification-at-a-glance,2026-08-28,current,3,2,0,2,1,0,0,8,0,8,0,marlbridge-academic-team (8),aizaz-raoof-ali (8),2026-09-29,2026-09-09,NO_DATA,teaching,enquire,true,9730,la-course,topics-without-resources,Write resources for unmapped topics (2).
AQA,aqa,A Level,a-level,Mathematics,mathematics,7357,verified,2017-ongoing,https://www.aqa.org.uk/subjects/mathematics/a-level/mathematics-7357/specification,https://www.aqa.org.uk/subjects/mathematics/a-level/mathematics-7357/specification/subject-content,2026-08-19,published,published,21,18,a-proof-aqa-alevel-maths;c-coordinate-geometry-aqa-alevel-maths;d-sequences-and-series-aqa-alevel-maths;e-trigonometry-aqa-alevel-maths;f-exponentials-and-logarithms-aqa-alevel-maths;h-integration-aqa-alevel-maths;i-numerical-methods-aqa-alevel-maths;j-vectors-aqa-alevel-maths;k-statistical-sampling-aqa-alevel-maths;l-data-presentation-and-interpretation-aqa-alevel-maths;m-probability-aqa-alevel-maths;n-statistical-distributions-aqa-alevel-maths;o-statistical-hypothesis-testing-aqa-alevel-maths;p-quantities-and-units-in-mechanics-aqa-alevel-maths;q-kinematics-aqa-alevel-maths;r-forces-and-newtons-laws-aqa-alevel-maths;s-moments-aqa-alevel-maths;use-of-data-in-statistics-aqa-alevel-maths,modeled,1,VERIFIED_COMPLETE,linear,3,https://www.aqa.org.uk/subjects/mathematics/a-level/mathematics-7357/specification/specification-at-a-glance,2026-08-28,current,3,3,0,3,1,0,0,10,0,10,0,marlbridge-academic-team (10),sajawal-zahid (10),2026-09-29,2026-09-27,NO_DATA,teaching,enquire,true,10729,la-course,topics-without-resources,Write resources for unmapped topics (18).
AQA,aqa,A Level,a-level,Physics,physics,7408,verified,2015-ongoing,https://www.aqa.org.uk/subjects/physics/a-level/physics-7408/specification,https://www.aqa.org.uk/subjects/physics/a-level/physics-7408/specification/subject-content,2026-08-19,published,published,13,12,particles-and-radiation-aqa-alevel;waves-aqa-alevel;mechanics-and-materials-aqa-alevel;electricity-aqa-alevel;further-mechanics-and-thermal-physics;fields-and-their-consequences;nuclear-physics-aqa-alevel;astrophysics-aqa-alevel;medical-physics-aqa-alevel;engineering-physics-aqa-alevel;turning-points-in-physics-aqa-alevel;electronics-aqa-alevel,modeled,1,VERIFIED_COMPLETE,linear,3,https://www.aqa.org.uk/subjects/physics/a-level/physics-7408/specification/specification-at-a-glance,2026-08-28,current,3,1,0,3,1,0,0,8,0,8,0,iftikhar-azeemi (5); marlbridge-academic-team (3),hassan (5); iftikhar-azeemi (3),2026-09-29,2026-09-07,NO_DATA,teaching,enquire,true,8190,la-course,topics-without-resources,Write resources for unmapped topics (12).
AQA,aqa,A Level,a-level,Psychology,psychology,7182,verified,2025-ongoing,https://www.aqa.org.uk/subjects/psychology/a-level/psychology-7182/specification,NO_DATA,2026-08-19,published,published,3,0,,modeled,1,VERIFIED_COMPLETE,linear,3,https://www.aqa.org.uk/subjects/psychology/a-level/psychology-7182/specification/specification-at-a-glance,2026-08-28,current,13,13,0,12,0,0,0,38,0,0,38,marlbridge-academic-team (38),NO_DATA,NO_DATA,2026-09-29,NO_DATA,teaching,enquire,true,74129,la-course,none,Named-reviewer sign-off of review-pending resources.
AQA,aqa,A Level,a-level,Sociology,sociology,7192,verified,2015-ongoing,https://www.aqa.org.uk/subjects/sociology/a-level/sociology-7192/specification,NO_DATA,2026-08-18,published,published,3,0,,modeled,1,VERIFIED_COMPLETE,linear,3,https://www.aqa.org.uk/subjects/sociology/a-level/sociology-7192/specification/specification-at-a-glance,2026-08-28,current,11,11,0,11,0,1,0,34,0,0,34,marlbridge-academic-team (34),NO_DATA,NO_DATA,2026-09-29,NO_DATA,teaching,enquire,true,62507,la-course,none,Named-reviewer sign-off of review-pending resources.
AQA,aqa,AS Level,as-level,Business,business,7137,verified,2026-ongoing,https://www.aqa.org.uk/subjects/business/as-level/business-7137,https://www.aqa.org.uk/subjects/business/as-level/business-7137/specification/subject-content,2026-08-28,published,published,2,0,,modeled,2,VERIFIED_COMPLETE,linear,2,https://www.aqa.org.uk/subjects/business/as-level/business-7137/specification,2026-08-28,current,3,3,0,3,0,1,0,10,1,10,0,marlbridge-academic-team (10),salman-ahmad (10),2026-09-29,2026-09-17,NO_DATA,teaching,enquire,true,13759,board,evidence-is-blanket-authorization-not-subject-specific-confirmation,None.
AQA,aqa,GCSE,gcse,English Literature,english-literature,8702,verified,2015-ongoing,https://www.aqa.org.uk/subjects/english/gcse/english-8702/specification,https://www.aqa.org.uk/subjects/english/gcse/english-8702/specification/specification-at-a-glance,2026-08-19,published,published,3,1,skills-8702,modeled,1,VERIFIED_COMPLETE,linear,2,https://www.aqa.org.uk/subjects/english/gcse/english-8702/specification/specification-at-a-glance,2026-08-28,current,3,2,0,2,1,0,0,8,0,8,0,marlbridge-academic-team (8),ammar-bilal (8),2026-09-29,2026-09-09,NO_DATA,teaching,enquire,true,8776,board,topics-without-resources;evidence-is-blanket-authorization-not-subject-specific-confirmation,Write resources for unmapped topics (1).
AQA,aqa,A Level,a-level,English Literature,english-literature,7712 / 7717,verified,2025-ongoing,https://www.aqa.org.uk/subjects/english/a-level/english-7717/specification,https://www.aqa.org.uk/subjects/english/a-level/english-7717/specification/specification-at-a-glance,2026-08-19,published,published,3,0,,modeled,1,VERIFIED_COMPLETE,linear,3,https://www.aqa.org.uk/subjects/english/a-level/english-7717/specification/specification-at-a-glance,2026-08-28,current,3,3,0,3,0,0,0,9,0,9,0,marlbridge-academic-team (9),ammar-bilal (9),2026-09-29,2026-09-06,NO_DATA,teaching,enquire,true,9639,board,evidence-is-blanket-authorization-not-subject-specific-confirmation,None.
Cambridge,cambridge,A Level,a-level,Accounting,accounting,9706,verified,2026-2028,https://www.cambridgeinternational.org/programmes-and-qualifications/cambridge-international-as-and-a-level-accounting-9706/,https://www.cambridgeinternational.org/Images/697417-2026-2028-syllabus.pdf,2026-08-25,published,published,4,3,as-cost-and-management-accounting;a-financial-accounting;a-cost-and-management-accounting,modeled,1,VERIFIED_COMPLETE,staged,4,https://www.cambridgeinternational.org/Images/697417-2026-2028-syllabus.pdf,2026-08-27,current,3,3,0,1,1,0,0,8,0,8,0,marlbridge-academic-team (5); javaid-iqbal-sabri (3),javaid-iqbal-sabri (5); zain-ud-din-ahmed (3),2026-09-29,2026-09-09,NO_DATA,teaching,enquire,true,8714,la-course,topics-without-resources,Write resources for unmapped topics (3).
Cambridge,cambridge,A Level,a-level,Biology,biology,9700,verified,2025-2027,https://www.cambridgeinternational.org/programmes-and-qualifications/cambridge-international-as-and-a-level-biology-9700/,https://www.cambridgeinternational.org/Images/664560-2025-2027-syllabus.pdf,2026-08-19,published,published,19,0,,modeled,1,VERIFIED_COMPLETE,staged,5,https://www.cambridgeinternational.org/Images/664560-2025-2027-syllabus.pdf,2026-08-27,current,27,27,1,35,0,0,0,90,0,58,32,marlbridge-academic-team (90),hina-mogul (58),2026-09-29,2026-10-04,NO_DATA,teaching,enquire,true,157113,la-course,none,Named-reviewer sign-off of review-pending resources.
Cambridge,cambridge,A Level,a-level,Business,business,9609,verified,2026-2028,https://www.cambridgeinternational.org/programmes-and-qualifications/cambridge-international-as-and-a-level-business-9609/,https://www.cambridgeinternational.org/Images/697371-2026-2028-syllabus.pdf,2026-08-19,published,published,10,2,finance-and-accounting-as-cambridge-alevel-business;business-and-its-environment-a-cambridge-alevel-business,modeled,1,VERIFIED_COMPLETE,staged,4,https://www.cambridgeinternational.org/Images/697371-2026-2028-syllabus.pdf,2026-08-27,current,3,3,1,8,0,0,0,15,1,15,0,marlbridge-academic-team (15),salman-ahmad (15),2026-09-29,2026-09-28,NO_DATA,teaching,enquire,true,15468,la-course,topics-without-resources,Write resources for unmapped topics (2).
Cambridge,cambridge,A Level,a-level,Computer Science,computer-science,9618,verified,2026-2026,https://www.cambridgeinternational.org/programmes-and-qualifications/cambridge-international-as-and-a-level-computer-science-9618/,https://www.cambridgeinternational.org/Images/697372-2026-syllabus.pdf,2026-08-19,published,published,20,12,hardware;system-software;security-privacy-and-data-integrity;ethics-and-ownership;algorithm-design-and-problem-solving;data-types-and-structures;programming;software-development;hardware-and-virtual-machines;security;artificial-intelligence-ai;computational-thinking-and-problem-solving,modeled,1,VERIFIED_COMPLETE,staged,4,https://www.cambridgeinternational.org/Images/697372-2026-syllabus.pdf,2026-08-27,current,3,3,1,8,0,0,0,15,1,15,0,marlbridge-academic-team (15),harris-khan (15),2026-09-29,2026-09-28,NO_DATA,teaching,enquire,true,15218,la-course,topics-without-resources,Write resources for unmapped topics (12).
Cambridge,cambridge,A Level,a-level,Economics,economics,9708,verified,2026-2028,https://www.cambridgeinternational.org/programmes-and-qualifications/cambridge-international-as-and-a-level-economics-9708/,https://www.cambridgeinternational.org/Images/697423-2026-2028-syllabus.pdf,2026-09-17,published,published,11,3,government-macroeconomic-intervention-cambridge-alevel-economics;international-economic-issues-cambridge-alevel-economics;the-macroeconomy-a-cambridge-alevel-economics,modeled,1,VERIFIED_COMPLETE,staged,4,https://www.cambridgeinternational.org/Images/697423-2026-2028-syllabus.pdf,2026-10-04,current,3,3,1,8,0,0,0,15,1,15,0,marlbridge-academic-team (15),salman-ahmad (15),2026-09-29,2026-09-28,NO_DATA,teaching,enquire,true,15624,la-course,topics-without-resources,Write resources for unmapped topics (3).
Cambridge,cambridge,A Level,a-level,English Language,english-language,9093,verified,2024-2026,https://www.cambridgeinternational.org/programmes-and-qualifications/cambridge-international-as-and-a-level-english-language-9093/,https://www.cambridgeinternational.org/Images/635901-2024-2026-syllabus.pdf,2026-08-25,published,published,4,0,,modeled,1,VERIFIED_COMPLETE,staged,4,https://www.cambridgeinternational.org/Images/635901-2024-2026-syllabus.pdf,2026-08-28,current,4,5,0,4,0,0,0,13,0,13,0,marlbridge-academic-team (13),ammar-bilal (13),2026-09-29,2026-09-03,NO_DATA,teaching,enquire,true,16090,la-course,none,None.
Cambridge,cambridge,A Level,a-level,World History,world-history,9489,verified,2027-2029,https://www.cambridgeinternational.org/Images/718292-2027-2029-syllabus.pdf,NO_DATA,2026-09-17,published,published,7,4,historical-interpretations-9489;depth-study-european-interwar-9489;depth-study-usa-9489;depth-study-international-history-9489,modeled,1,VERIFIED_COMPLETE,staged,4,https://www.cambridgeinternational.org/Images/718292-2027-2029-syllabus.pdf,2026-09-17,current,3,3,0,3,0,0,0,9,1,9,0,marlbridge-academic-team (9),azam-siddique (9),2026-09-29,2026-09-06,NO_DATA,teaching,enquire,true,11485,la-course,topics-without-resources,Write resources for unmapped topics (4).
Cambridge,cambridge,A Level,a-level,Information Technology,ict,9626,verified,2025-2027,https://www.cambridgeinternational.org/programmes-and-qualifications/cambridge-international-as-and-a-level-information-technology-9626/,https://www.cambridgeinternational.org/Images/662482-2025-2027-syllabus.pdf,2026-08-19,published,published,21,18,algorithms-and-flowcharts;esecurity;the-digital-divide;expert-systems;spreadsheets;modelling;database-and-file-concepts;video-and-audio-editing;it-in-society;new-and-emerging-technologies;communications-technology;project-management;system-life-cycle;data-analysis-and-visualisation;mail-merge;graphics-creation;animation;programming-for-the-web,modeled,1,VERIFIED_COMPLETE,staged,4,https://www.cambridgeinternational.org/Images/662482-2025-2027-syllabus.pdf,2026-08-28,current,3,3,0,3,0,0,0,9,0,9,0,marlbridge-academic-team (9),harris-khan (9),2026-09-29,2026-09-27,NO_DATA,teaching,enquire,true,11040,la-course,topics-without-resources,Write resources for unmapped topics (18).
Cambridge,cambridge,A Level,a-level,Law,law,9084,verified,2026-2028,https://www.cambridgeinternational.org/programmes-and-qualifications/cambridge-international-as-and-a-level-law-9084/,https://www.cambridgeinternational.org/Images/697352-2026-2028-syllabus.pdf,2026-08-21,published,published,4,2,law-of-contract-9084;law-of-tort-9084,modeled,1,VERIFIED_COMPLETE,staged,4,https://www.cambridgeinternational.org/Images/697352-2026-2028-syllabus.pdf,2026-08-28,current,2,2,0,3,1,0,0,8,0,8,0,marlbridge-academic-team (8),aizaz-raoof-ali (8),2026-09-29,2026-09-09,NO_DATA,teaching,enquire,true,9199,la-course,topics-without-resources,Write resources for unmapped topics (2).
Cambridge,cambridge,A Level,a-level,Mathematics,mathematics,9709,verified,2026-2027,https://www.cambridgeinternational.org/programmes-and-qualifications/cambridge-international-as-and-a-level-mathematics-9709/,https://www.cambridgeinternational.org/Images/697427-2026-2027-syllabus.pdf,2026-08-19,published,published,6,0,,modeled,1,VERIFIED_COMPLETE,component-based,6,https://www.cambridgeinternational.org/Images/697427-2026-2027-syllabus.pdf,2026-09-17,current,20,19,0,22,0,0,0,61,0,59,2,marlbridge-academic-team (61),sajawal-zahid (59),2026-09-29,2026-10-04,NO_DATA,teaching,enquire,true,109374,la-course,none,Named-reviewer sign-off of review-pending resources.
Cambridge,cambridge,A Level,a-level,Physics,physics,9702,verified,2025-2027,https://www.cambridgeinternational.org/programmes-and-qualifications/view/cambridge-international-as-and-a-level-physics-9702/,https://www.cambridgeinternational.org/Images/664565-2025-2027-syllabus.pdf,2026-08-18,published,published,25,0,,modeled,1,VERIFIED_COMPLETE,staged,5,https://www.cambridgeinternational.org/Images/664565-2025-2027-syllabus.pdf,2026-10-04,current,25,25,1,25,0,0,0,76,0,76,0,iftikhar-azeemi (75); marlbridge-academic-team (1),hassan (75); iftikhar-azeemi (1),2026-09-29,2026-09-28,NO_DATA,teaching,enquire,true,87164,la-course,none,None.
Cambridge,cambridge,A Level,a-level,Psychology,psychology,9990,verified,2024-2026,https://www.cambridgeinternational.org/Images/634461-2024-2026-syllabus.pdf,NO_DATA,2026-08-19,published,published,6,0,,modeled,1,VERIFIED_COMPLETE,staged,4,https://www.cambridgeinternational.org/Images/634461-2024-2026-syllabus.pdf,2026-08-28,current,3,3,0,3,0,0,0,9,0,0,9,marlbridge-academic-team (9),NO_DATA,NO_DATA,2026-09-06,NO_DATA,teaching,enquire,true,10798,la-course,none,Named-reviewer sign-off of review-pending resources.
Cambridge,cambridge,A Level,a-level,Sociology,sociology,9699,verified,2024-2026,https://www.cambridgeinternational.org/Images/636099-2024-2026-syllabus.pdf,NO_DATA,2026-08-19,published,published,4,0,,modeled,1,VERIFIED_COMPLETE,staged,4,https://www.cambridgeinternational.org/Images/636099-2024-2026-syllabus.pdf,2026-08-28,current,6,6,0,6,0,0,0,18,0,0,18,marlbridge-academic-team (18),NO_DATA,NO_DATA,2026-09-29,NO_DATA,teaching,enquire,true,28335,la-course,none,Named-reviewer sign-off of review-pending resources.
Cambridge,cambridge,IGCSE,igcse,Accounting,accounting,0452,verified,2027-2029,https://www.cambridgeinternational.org/programmes-and-qualifications/cambridge-igcse-accounting-0452/,https://www.cambridgeinternational.org/Images/718141-2027-2029-syllabus.pdf,2026-09-16,published,published,7,0,,modeled,1,VERIFIED_COMPLETE,linear,2,https://www.cambridgeinternational.org/Images/718141-2027-2029-syllabus.pdf,2026-09-16,current,7,7,0,7,0,0,0,21,0,21,0,marlbridge-academic-team (21),javaid-iqbal-sabri (21),2026-09-29,2026-09-16,NO_DATA,teaching,enquire,true,51279,la-course,none,None.
Cambridge,cambridge,IGCSE,igcse,Biology,biology,0610,verified,2026-2028,https://www.cambridgeinternational.org/programmes-and-qualifications/cambridge-igcse-biology-0610/,https://www.cambridgeinternational.org/Images/697203-2026-2028-syllabus.pdf,2026-08-19,published,published,21,0,,modeled,1,VERIFIED_COMPLETE,component-based,6,https://www.cambridgeinternational.org/Images/697203-2026-2028-syllabus.pdf,2026-10-04,current,21,21,1,24,0,0,0,67,0,64,3,marlbridge-academic-team (67),hina-mogul (64),2026-09-29,2026-10-04,NO_DATA,teaching,enquire,true,107237,la-course,none,Named-reviewer sign-off of review-pending resources.
Cambridge,cambridge,IGCSE,igcse,Business,business,0450 / 0264,verified,2027-2029,https://www.cambridgeinternational.org/programmes-and-qualifications/cambridge-igcse-business-studies-0450/,https://www.cambridgeinternational.org/Images/718123-2027-2029-syllabus.pdf,2026-08-19,published,published,6,6,understanding-business-activity-0264;people-in-business-0264;marketing-0264;operations-management-0264;financial-information-and-decisions-0264;external-influences-on-business-activity-0264,modeled,2,VERIFIED_COMPLETE,linear,2,https://www.cambridgeinternational.org/Images/718123-2027-2029-syllabus.pdf,2026-09-17,current,3,3,0,3,0,0,0,9,0,9,0,marlbridge-academic-team (9),salman-ahmad (9),2026-09-29,2026-09-06,NO_DATA,teaching,enquire,true,10106,la-course,topics-without-resources,Write resources for unmapped topics (6).
Cambridge,cambridge,IGCSE,igcse,Computer Science,computer-science,0478,verified,2026-2028,https://www.cambridgeinternational.org/programmes-and-qualifications/cambridge-igcse-computer-science-0478/,https://www.cambridgeinternational.org/Images/697167-2026-2028-syllabus.pdf,2026-08-19,published,published,10,7,software;the-internet-and-its-uses;automated-and-emerging-technologies;algorithm-design-and-problem-solving-0478;programming-0478;databases-0478;boolean-logic,modeled,1,VERIFIED_COMPLETE,linear,2,https://www.cambridgeinternational.org/Images/697167-2026-2028-syllabus.pdf,2026-08-27,current,3,3,0,3,0,0,0,9,0,9,0,marlbridge-academic-team (9),harris-khan (9),2026-09-29,2026-09-06,NO_DATA,teaching,enquire,true,8976,la-course,topics-without-resources,Write resources for unmapped topics (7).
Cambridge,cambridge,IGCSE,igcse,Economics,economics,0455,verified,2026-2026,https://www.cambridgeinternational.org/programmes-and-qualifications/cambridge-igcse-economics-0455/,https://www.cambridgeinternational.org/Images/697154-2026-syllabus.pdf,2026-08-19,published,published,6,3,government-and-the-macroeconomy-cambridge-igcse-economics;economic-development-cambridge-igcse-economics;international-trade-and-globalisation-cambridge-igcse-economics,modeled,1,VERIFIED_COMPLETE,linear,2,https://www.cambridgeinternational.org/Images/697154-2026-syllabus.pdf,2026-08-27,current,3,2,0,2,1,0,0,8,0,8,0,marlbridge-academic-team (8),salman-ahmad (8),2026-09-29,2026-09-09,NO_DATA,teaching,enquire,true,8523,la-course,topics-without-resources,Write resources for unmapped topics (3).
Cambridge,cambridge,IGCSE,igcse,World History,world-history,0470,verified,2024-2026,https://www.cambridgeinternational.org/Images/649636-2024-2026-syllabus.pdf,NO_DATA,2026-08-19,published,published,3,0,,modeled,1,VERIFIED_COMPLETE,component-based,4,https://www.cambridgeinternational.org/Images/649636-2024-2026-syllabus.pdf,2026-08-27,current,3,2,0,2,1,0,0,8,0,8,0,marlbridge-academic-team (8),azam-siddique (8),2026-09-29,2026-09-09,NO_DATA,teaching,enquire,true,12228,la-course,none,None.
Cambridge,cambridge,IGCSE,igcse,ICT,ict,0417,verified,2026-2028,https://www.cambridgeinternational.org/programmes-and-qualifications/cambridge-igcse-information-and-communication-technology-0417/,https://www.cambridgeinternational.org/Images/697139-2026-2028-syllabus.pdf,2026-08-19,published,published,21,15,the-systems-life-cycle;safety-and-security;audience;communication-0417;file-management;images;layout;styles;proofing;graphs-and-charts;document-production;databases-0417;presentations;spreadsheets-0417;website-authoring,modeled,1,VERIFIED_COMPLETE,component-based,3,https://www.cambridgeinternational.org/Images/697139-2026-2028-syllabus.pdf,2026-08-27,current,7,6,0,6,0,0,0,19,0,19,0,marlbridge-academic-team (19),harris-khan (19),2026-09-29,2026-09-06,NO_DATA,teaching,enquire,true,18745,la-course,topics-without-resources,Write resources for unmapped topics (15).
Cambridge,cambridge,IGCSE,igcse,Mathematics,mathematics,0580,verified,2025-2027,https://www.cambridgeinternational.org/programmes-and-qualifications/cambridge-igcse-mathematics-0580/,https://www.cambridgeinternational.org/Images/662466-2025-2027-syllabus.pdf,2026-08-19,published,published,9,0,,modeled,1,VERIFIED_COMPLETE,linear,4,https://www.cambridgeinternational.org/Images/662466-2025-2027-syllabus.pdf,2026-10-04,current,34,10,0,16,0,0,0,60,3,31,29,marlbridge-academic-team (60),sajawal-zahid (31),2026-09-29,2026-10-04,NO_DATA,teaching,enquire,true,101073,la-course,none,Named-reviewer sign-off of review-pending resources.
Cambridge,cambridge,IGCSE,igcse,Physics,physics,0625,verified,2026-2028,https://www.cambridgeinternational.org/programmes-and-qualifications/cambridge-igcse-physics-0625/,https://www.cambridgeinternational.org/Images/697209-2026-2028-syllabus.pdf,2026-08-27,published,published,6,0,,modeled,1,VERIFIED_COMPLETE,component-based,6,https://www.cambridgeinternational.org/Images/697209-2026-2028-syllabus.pdf,2026-08-27,current,6,6,0,10,0,0,0,22,2,22,0,marlbridge-academic-team (22),iftikhar-azeemi (22),2026-09-29,2026-09-28,NO_DATA,teaching,enquire,true,38824,la-course,none,None.
Cambridge,cambridge,IGCSE,igcse,Sociology,sociology,0495,verified,2025-2027,https://www.cambridgeinternational.org/Images/662464-2025-2027-syllabus.pdf,NO_DATA,2026-08-19,published,published,2,0,,modeled,1,VERIFIED_COMPLETE,linear,2,https://www.cambridgeinternational.org/Images/662464-2025-2027-syllabus.pdf,2026-08-27,current,2,2,0,3,1,0,0,8,0,0,8,marlbridge-academic-team (8),NO_DATA,NO_DATA,2026-09-09,NO_DATA,teaching,enquire,true,10580,la-course,none,Named-reviewer sign-off of review-pending resources.
Cambridge,cambridge,O Level,o-level,Biology,biology,5090,verified,2026-2028,https://www.cambridgeinternational.org/programmes-and-qualifications/cambridge-o-level-biology-5090/,https://www.cambridgeinternational.org/Images/697330-2026-2028-syllabus.pdf,2026-08-18,published,published,19,16,classification;movement-into-and-out-of-cells;plant-nutrition;transport-in-flowering-plants;human-nutrition;human-gas-exchange;respiration;transport-in-humans;disease-and-immunity;excretion;coordination-and-control;coordination-and-response-in-plants;development-of-organisms-and-continuity-of-life;inheritance;biotechnology-and-genetic-modification;relationships-of-organisms-with-one-another-and-with-the-environment,modeled,1,VERIFIED_COMPLETE,component-based,4,https://www.cambridgeinternational.org/Images/697330-2026-2028-syllabus.pdf,2026-08-27,current,3,3,0,3,0,0,0,9,0,9,0,saad-zai (9),hina-mogul (9),2026-09-29,2026-08-22,NO_DATA,teaching,enquire,true,8757,la-course,topics-without-resources,Write resources for unmapped topics (16).
Cambridge,cambridge,O Level,o-level,Business,business,7115,verified,2026-2026,https://www.cambridgeinternational.org/programmes-and-qualifications/cambridge-o-level-business-studies-7115/,https://www.cambridgeinternational.org/Images/697338-2026-syllabus.pdf,2026-08-18,published,published,6,0,,modeled,1,VERIFIED_COMPLETE,linear,2,https://www.cambridgeinternational.org/Images/697338-2026-syllabus.pdf,2026-08-27,current,3,2,1,6,1,0,0,13,1,13,0,marlbridge-academic-team (10); asif-iqbal (3),salman-ahmad (13),2026-09-29,2026-09-28,NO_DATA,teaching,enquire,true,12034,la-course,none,None.
Cambridge,cambridge,O Level,o-level,Commerce,commerce,7100,verified,2026-2028,https://www.cambridgeinternational.org/programmes-and-qualifications/cambridge-o-level-commerce-7100/,https://www.cambridgeinternational.org/Images/693604-2026-2028-syllabus.pdf,2026-08-21,published,published,6,3,logistics-in-commerce-7100;aids-to-trade-that-support-commerce-7100;sustainability-and-ethics-7100,modeled,1,VERIFIED_COMPLETE,linear,2,https://www.cambridgeinternational.org/Images/693604-2026-2028-syllabus.pdf,2026-08-27,current,3,2,0,2,1,0,0,8,0,8,0,marlbridge-academic-team (8),salman-ahmad (8),2026-09-29,2026-09-09,NO_DATA,teaching,enquire,true,9887,la-course,topics-without-resources,Write resources for unmapped topics (3).
Cambridge,cambridge,O Level,o-level,Computer Science,computer-science,2210,verified,2026-2028,https://www.cambridgeinternational.org/programmes-and-qualifications/cambridge-o-level-computer-science-2210/,https://www.cambridgeinternational.org/Images/697287-2026-2028-syllabus.pdf,2026-08-19,published,published,10,0,,modeled,1,VERIFIED_COMPLETE,linear,2,https://www.cambridgeinternational.org/Images/697287-2026-2028-syllabus.pdf,2026-08-27,current,3,3,0,10,0,0,0,16,0,16,0,marlbridge-academic-team (16),harris-khan (16),2026-09-29,2026-09-28,NO_DATA,teaching,enquire,true,19295,la-course,none,None.
Cambridge,cambridge,O Level,o-level,Economics,economics,2281,verified,2026-2026,https://www.cambridgeinternational.org/programmes-and-qualifications/cambridge-o-level-economics-2281/,https://www.cambridgeinternational.org/Images/697295-2026-syllabus.pdf,2026-08-18,published,published,6,0,,modeled,1,VERIFIED_COMPLETE,linear,2,https://www.cambridgeinternational.org/Images/697295-2026-syllabus.pdf,2026-08-27,current,3,3,1,6,0,0,0,13,0,13,0,marlbridge-academic-team (12); salman-ahmad (1),salman-ahmad (12); asif-iqbal (1),2026-09-29,2026-09-28,NO_DATA,teaching,enquire,true,16500,la-course,none,None.
Cambridge,cambridge,O Level,o-level,English Language,english-language,1123,verified,2024-2026,https://www.cambridgeinternational.org/programmes-and-qualifications/cambridge-o-level-english-language-1123/,https://www.cambridgeinternational.org/Images/634453-2024-2026-syllabus.pdf,2026-08-19,published,published,2,0,,modeled,1,VERIFIED_COMPLETE,linear,2,https://www.cambridgeinternational.org/Images/634453-2024-2026-syllabus.pdf,2026-08-28,current,3,3,1,3,0,0,0,10,0,10,0,marlbridge-academic-team (10),ammar-bilal (10),2026-09-29,2026-09-28,NO_DATA,teaching,enquire,true,10244,la-course,none,None.
Cambridge,cambridge,O Level,o-level,World History,world-history,2147,verified,2024-2026,https://www.cambridgeinternational.org/Images/649640-2024-2026-syllabus.pdf,NO_DATA,2026-08-19,published,published,3,0,,modeled,1,VERIFIED_COMPLETE,linear,2,https://www.cambridgeinternational.org/Images/649640-2024-2026-syllabus.pdf,2026-08-27,current,3,3,0,3,0,0,0,9,0,9,0,marlbridge-academic-team (9),azam-siddique (9),2026-09-29,2026-09-06,NO_DATA,teaching,enquire,true,13090,la-course,none,None.
Cambridge,cambridge,O Level,o-level,Mathematics,mathematics,4024,verified,2025-2027,https://www.cambridgeinternational.org/programmes-and-qualifications/cambridge-o-level-mathematics-d-4024/,https://www.cambridgeinternational.org/Images/662480-2025-2027-syllabus.pdf,2026-08-18,published,published,9,2,transformations-and-vectors;statistics,modeled,1,VERIFIED_COMPLETE,linear,2,https://www.cambridgeinternational.org/Images/662480-2025-2027-syllabus.pdf,2026-10-04,current,7,7,0,13,0,0,0,27,5,27,0,muhammad-ghazali-siddiqui (21); marlbridge-academic-team (6),sajawal-zahid (27),2026-09-29,2026-09-24,NO_DATA,teaching,enquire,true,25658,la-course,topics-without-resources,Write resources for unmapped topics (2).
Cambridge,cambridge,O Level,o-level,Physics,physics,5054,verified,2026-2028,https://www.cambridgeinternational.org/programmes-and-qualifications/cambridge-o-level-physics-5054/,https://www.cambridgeinternational.org/Images/697324-2026-2028-syllabus.pdf,2026-08-25,published,published,6,0,,modeled,1,VERIFIED_COMPLETE,component-based,4,https://www.cambridgeinternational.org/Images/697324-2026-2028-syllabus.pdf,2026-10-04,current,8,8,0,13,0,0,0,29,0,29,0,iftikhar-azeemi (24); marlbridge-academic-team (5),hassan (24); iftikhar-azeemi (5),2026-09-29,2026-09-24,NO_DATA,teaching,enquire,true,31486,la-course,none,None.
Cambridge,cambridge,O Level,o-level,Sociology,sociology,2251,verified,2025-2027,https://www.cambridgeinternational.org/Images/662478-2025-2027-syllabus.pdf,NO_DATA,2026-08-19,published,published,2,0,,modeled,1,VERIFIED_COMPLETE,linear,2,https://www.cambridgeinternational.org/Images/662478-2025-2027-syllabus.pdf,2026-08-27,current,3,2,0,2,1,0,0,8,0,0,8,marlbridge-academic-team (8),NO_DATA,NO_DATA,2026-09-09,NO_DATA,teaching,enquire,true,8940,la-course,none,Named-reviewer sign-off of review-pending resources.
Cambridge,cambridge,O Level,o-level,Statistics,statistics,4040,verified,2025-2027,https://www.cambridgeinternational.org/Images/664481-2025-2027-syllabus.pdf,NO_DATA,2026-09-24,published,published,12,6,formation-of-cumulative-frequency-distributions-4040;statistical-measures-interpretation-and-use-4040;transformations-involving-mean-and-standard-deviation-4040;bivariate-distributions-and-scatter-diagrams-4040;elementary-ideas-of-probability-4040;probability-distributions-4040,modeled,1,VERIFIED_COMPLETE,linear,2,https://www.cambridgeinternational.org/Images/664481-2025-2027-syllabus.pdf,2026-08-28,current,6,2,0,5,1,0,0,14,2,8,6,marlbridge-academic-team (14),sajawal-zahid (8),2026-09-29,2026-09-29,NO_DATA,teaching,enquire,true,14260,la-course,topics-without-resources,Write resources for unmapped topics (6).
Cambridge,cambridge,IGCSE,igcse,English Literature,english-literature,0475,verified,2026-2026,https://www.cambridgeinternational.org/programmes-and-qualifications/english-literature-0475/,https://www.cambridgeinternational.org/Images/697163-2026-syllabus.pdf,2026-08-19,published,published,5,1,component-5-coursework-0475,modeled,1,VERIFIED_COMPLETE,component-based,5,https://www.cambridgeinternational.org/Images/697163-2026-syllabus.pdf,2026-08-28,current,4,4,0,4,0,0,0,12,0,12,0,marlbridge-academic-team (12),ammar-bilal (12),2026-09-29,2026-09-06,NO_DATA,teaching,enquire,true,12234,board,topics-without-resources;evidence-is-blanket-authorization-not-subject-specific-confirmation,Write resources for unmapped topics (1).
Cambridge,cambridge,A Level,a-level,English Literature,english-literature,9695,verified,2024-2026,https://www.cambridgeinternational.org/programmes-and-qualifications/cambridge-international-as-and-a-level-english-literature-9695/,https://www.cambridgeinternational.org/Images/636097-2024-2026-syllabus.pdf,2026-08-25,published,published,4,1,paper-4-pre-and-post-1900-poetry-and-prose-9695,modeled,1,VERIFIED_COMPLETE,staged,4,https://www.cambridgeinternational.org/Images/636097-2024-2026-syllabus.pdf,2026-10-04,current,3,3,0,3,0,0,0,9,0,9,0,marlbridge-academic-team (9),ammar-bilal (9),2026-09-29,2026-09-06,NO_DATA,teaching,enquire,true,9852,board,topics-without-resources;evidence-is-blanket-authorization-not-subject-specific-confirmation,Write resources for unmapped topics (1).
Cambridge,cambridge,IGCSE,igcse,Pakistan Studies,pakistan-studies,0448,verified,2026-2026,https://www.cambridgeinternational.org/Images/697142-2026-syllabus.pdf,NO_DATA,2026-08-19,published,published,2,0,,modeled,1,VERIFIED_COMPLETE,linear,2,https://www.cambridgeinternational.org/Images/697142-2026-syllabus.pdf,2026-10-04,current,3,3,0,2,0,0,0,8,1,8,0,marlbridge-academic-team (8),azam-siddique (8),2026-09-29,2026-09-06,NO_DATA,teaching,enquire,true,10670,board,evidence-is-blanket-authorization-not-subject-specific-confirmation,None.
Cambridge,cambridge,O Level,o-level,Pakistan Studies,pakistan-studies,2059,verified,2026-2026,https://www.cambridgeinternational.org/Images/697282-2026-syllabus.pdf,NO_DATA,2026-08-19,published,published,2,0,,modeled,1,VERIFIED_COMPLETE,linear,2,https://www.cambridgeinternational.org/Images/697282-2026-syllabus.pdf,2026-10-04,current,3,3,0,3,0,0,0,9,0,9,0,marlbridge-academic-team (9),azam-siddique (9),2026-09-29,2026-09-06,NO_DATA,teaching,enquire,true,11967,board,evidence-is-blanket-authorization-not-subject-specific-confirmation,None.
Cambridge,cambridge,IGCSE,igcse,Islamiyat,islamiyat,0493,verified,2026-2027,https://www.cambridgeinternational.org/Images/697174-2026-2027-syllabus.pdf,NO_DATA,2026-08-19,published,published,2,0,,modeled,1,VERIFIED_COMPLETE,linear,2,https://www.cambridgeinternational.org/Images/697174-2026-2027-syllabus.pdf,2026-10-04,current,3,2,0,2,1,0,0,8,0,8,0,marlbridge-academic-team (8),azam-siddique (8),2026-09-29,2026-09-09,NO_DATA,teaching,enquire,true,12258,board,evidence-is-blanket-authorization-not-subject-specific-confirmation,None.
Cambridge,cambridge,O Level,o-level,Islamiyat,islamiyat,2058,verified,2026-2027,https://www.cambridgeinternational.org/Images/697279-2026-2027-syllabus.pdf,NO_DATA,2026-08-27,published,published,2,0,,modeled,1,VERIFIED_COMPLETE,linear,2,https://www.cambridgeinternational.org/Images/697279-2026-2027-syllabus.pdf,2026-10-04,current,3,2,0,2,1,0,0,8,0,8,0,marlbridge-academic-team (8),azam-siddique (8),2026-09-29,2026-09-09,NO_DATA,teaching,enquire,true,11281,board,evidence-is-blanket-authorization-not-subject-specific-confirmation,None.
Cambridge,cambridge,IGCSE,igcse,Geography,geography,0460,verified,2025-2026,https://www.cambridgeinternational.org/Images/664610-2025-2026-syllabus.pdf,NO_DATA,2026-08-19,published,published,3,0,,modeled,1,VERIFIED_COMPLETE,component-based,4,https://www.cambridgeinternational.org/Images/664610-2025-2026-syllabus.pdf,2026-08-27,current,14,9,0,9,0,0,0,32,0,0,32,marlbridge-academic-team (32),NO_DATA,NO_DATA,2026-09-29,NO_DATA,teaching,enquire,true,59054,board,evidence-is-blanket-authorization-not-subject-specific-confirmation,Named-reviewer sign-off of review-pending resources.
Cambridge,cambridge,O Level,o-level,Geography,geography,2217,verified,2026-2026,https://www.cambridgeinternational.org/Images/697292-2026-syllabus.pdf,NO_DATA,2026-08-19,published,published,3,0,,modeled,1,VERIFIED_COMPLETE,linear,3,https://www.cambridgeinternational.org/Images/697292-2026-syllabus.pdf,2026-08-27,current,3,3,0,3,0,0,0,9,0,0,9,marlbridge-academic-team (9),NO_DATA,NO_DATA,2026-09-06,NO_DATA,teaching,enquire,true,10795,board,evidence-is-blanket-authorization-not-subject-specific-confirmation,Named-reviewer sign-off of review-pending resources.
Cambridge,cambridge,A Level,a-level,Geography,geography,9696,verified,2025-2026,https://www.cambridgeinternational.org/Images/664556-2025-2026-syllabus.pdf,NO_DATA,2026-08-19,published,published,14,0,,modeled,1,VERIFIED_COMPLETE,staged,4,https://www.cambridgeinternational.org/Images/664556-2025-2026-syllabus.pdf,2026-08-27,current,11,10,0,10,1,0,0,32,0,0,32,marlbridge-academic-team (32),NO_DATA,NO_DATA,2026-09-29,NO_DATA,teaching,enquire,true,62817,board,evidence-is-blanket-authorization-not-subject-specific-confirmation,Named-reviewer sign-off of review-pending resources.
Cambridge,cambridge,IGCSE,igcse,Global Perspectives,global-perspectives,0457,verified,2025-2027,https://www.cambridgeinternational.org/programmes-and-qualifications/cambridge-igcse-global-perspectives-0457/,https://www.cambridgeinternational.org/Images/662457-2025-2027-syllabus.pdf,2026-08-21,published,published,22,0,,modeled,1,VERIFIED_COMPLETE,component-based,3,https://www.cambridgeinternational.org/Images/662457-2025-2027-syllabus.pdf,2026-08-28,current,25,25,0,25,0,0,0,75,0,0,75,marlbridge-academic-team (75),NO_DATA,NO_DATA,2026-09-29,NO_DATA,teaching,enquire,true,158902,board,evidence-is-blanket-authorization-not-subject-specific-confirmation,Named-reviewer sign-off of review-pending resources.
Cambridge,cambridge,A Level,a-level,Global Perspectives,global-perspectives,9239,verified,2026-2028,https://www.cambridgeinternational.org/programmes-and-qualifications/cambridge-international-as-and-a-level-global-perspectives-and-research-9239/,https://www.cambridgeinternational.org/Images/697359-2026-2028-syllabus.pdf,2026-08-21,published,published,4,0,,modeled,1,VERIFIED_COMPLETE,staged,4,https://www.cambridgeinternational.org/Images/697359-2026-2028-syllabus.pdf,2026-08-28,current,4,4,0,4,0,0,0,12,0,0,12,marlbridge-academic-team (12),NO_DATA,NO_DATA,2026-09-29,NO_DATA,teaching,enquire,true,16224,board,evidence-is-blanket-authorization-not-subject-specific-confirmation,Named-reviewer sign-off of review-pending resources.
Cambridge,cambridge,IGCSE,igcse,Environmental Management,environmental-management,0680,verified,2027-2029,https://www.cambridgeinternational.org/programmes-and-qualifications/cambridge-igcse-environmental-management-0680/,https://www.cambridgeinternational.org/Images/718156-2027-2029-syllabus.pdf,2026-08-21,published,published,7,4,the-atmosphere-and-human-activities-0680;ecosystems-biodiversity-and-fieldwork-0680;natural-hazards-0680;human-population-0680,modeled,1,VERIFIED_COMPLETE,linear,2,https://www.cambridgeinternational.org/Images/718156-2027-2029-syllabus.pdf,2026-08-28,current,3,3,0,3,0,0,0,9,0,9,0,marlbridge-academic-team (9),azam-siddique (9),2026-09-29,2026-09-06,NO_DATA,teaching,enquire,true,10504,board,topics-without-resources;evidence-is-blanket-authorization-not-subject-specific-confirmation,Write resources for unmapped topics (4).
Cambridge,cambridge,O Level,o-level,Environmental Management,environmental-management,5014,verified,2027-2029,https://www.cambridgeinternational.org/programmes-and-qualifications/cambridge-o-level-environmental-management-5014/,https://www.cambridgeinternational.org/Images/718208-2027-2029-syllabus.pdf,2026-09-21,published,published,7,5,water-5014-2027;the-atmosphere-and-human-activities-5014-2027;ecosystems-biodiversity-and-fieldwork-5014-2027;natural-hazards-5014-2027;human-population-5014-2027,modeled,1,VERIFIED_COMPLETE,linear,2,https://www.cambridgeinternational.org/Images/718208-2027-2029-syllabus.pdf,2026-09-21,current,6,4,0,4,2,0,0,16,3,16,0,marlbridge-academic-team (16),azam-siddique (16),2026-09-29,2026-09-21,NO_DATA,teaching,enquire,true,21599,board,topics-without-resources;evidence-is-blanket-authorization-not-subject-specific-confirmation,Write resources for unmapped topics (5).
Cambridge,cambridge,IGCSE,igcse,Urdu Language,urdu-language,0539,verified,2025-2027,https://www.cambridgeinternational.org/Images/664633-2025-2027-syllabus.pdf,NO_DATA,2026-08-25,published,published,3,0,,modeled,1,VERIFIED_COMPLETE,linear,3,https://www.cambridgeinternational.org/Images/664633-2025-2027-syllabus.pdf,2026-10-04,current,3,2,0,2,1,0,0,8,0,8,0,marlbridge-academic-team (8),farheen-zehra (8),2026-09-29,2026-09-09,NO_DATA,teaching,enquire,true,11149,board,evidence-is-blanket-authorization-not-subject-specific-confirmation,None.
Cambridge,cambridge,O Level,o-level,Urdu Language,urdu-language,3247 / 3248,verified,2027-2029,https://www.cambridgeinternational.org/Images/721463-2027-syllabus.pdf,NO_DATA,2026-08-25,published,published,4,0,,modeled,2,VERIFIED_COMPLETE,linear,2,https://www.cambridgeinternational.org/Images/721463-2027-syllabus.pdf,2026-10-04,current,3,3,0,3,0,0,0,9,0,9,0,marlbridge-academic-team (9),farheen-zehra (9),2026-09-29,2026-09-06,NO_DATA,teaching,enquire,true,11652,board,evidence-is-blanket-authorization-not-subject-specific-confirmation,None.
Cambridge,cambridge,IGCSE,igcse,Statistics,statistics,0479,verified,2027-2027,https://www.cambridgeinternational.org/programmes-and-qualifications/cambridge-igcse-statistics-0479/,https://www.cambridgeinternational.org/Images/718153-2027-syllabus.pdf,2026-08-21,published,published,12,6,measures-of-central-tendency-0479;quartiles-percentiles-and-measures-of-dispersion-0479;transformations-of-data-sets-0479;probability-0479;probability-distributions-0479;bivariate-distributions-0479,modeled,1,VERIFIED_COMPLETE,linear,2,https://www.cambridgeinternational.org/Images/718153-2027-syllabus.pdf,2026-08-28,current,6,3,0,6,0,0,0,15,2,9,6,marlbridge-academic-team (15),sajawal-zahid (9),2026-09-29,2026-09-29,NO_DATA,teaching,enquire,true,15208,board,topics-without-resources;evidence-is-blanket-authorization-not-subject-specific-confirmation,Write resources for unmapped topics (6).
Cambridge,cambridge,IGCSE,igcse,Commerce,commerce,0715,verified,2028-2028,https://www.cambridgeinternational.org/programmes-and-qualifications/cambridge-igcse-commerce-0715/,https://www.cambridgeinternational.org/Images/745979-2028-syllabus.pdf,2026-08-21,published,published,6,3,logistics-in-commerce-0715;aids-to-trade-that-support-commerce-0715;sustainability-and-ethics-0715,modeled,1,VERIFIED_COMPLETE,linear,2,https://www.cambridgeinternational.org/Images/745979-2028-syllabus.pdf,2026-08-28,current,3,3,0,3,0,0,0,9,0,9,0,marlbridge-academic-team (9),salman-ahmad (9),2026-09-29,2026-09-06,NO_DATA,teaching,enquire,true,9958,board,topics-without-resources;evidence-is-blanket-authorization-not-subject-specific-confirmation,Write resources for unmapped topics (3).
Cambridge,cambridge,IGCSE,igcse,Chemistry,chemistry,0620,verified,2026-2028,https://www.cambridgeinternational.org/programmes-and-qualifications/view/cambridge-igcse-chemistry-0620/,https://www.cambridgeinternational.org/Images/697205-2026-2028-syllabus.pdf,2026-08-17,published,published,12,0,,modeled,1,VERIFIED_COMPLETE,component-based,6,https://www.cambridgeinternational.org/Images/697205-2026-2028-syllabus.pdf,2026-10-04,current,20,20,1,20,0,0,0,61,0,60,1,nouman-ahmed (55); marlbridge-academic-team (6),farhat-ul-ain-sehgal (55); nouman-ahmed (5),2026-09-29,2026-10-04,NO_DATA,teaching,enquire,true,74493,marlbridge,none,Named-reviewer sign-off of review-pending resources.
Cambridge,cambridge,O Level,o-level,Chemistry,chemistry,5070,verified,2026-2028,https://www.cambridgeinternational.org/programmes-and-qualifications/view/cambridge-o-level-chemistry-5070/,https://www.cambridgeinternational.org/Images/697326-2026-2028-syllabus.pdf,2026-08-25,published,published,12,0,,modeled,1,VERIFIED_COMPLETE,component-based,4,https://www.cambridgeinternational.org/Images/697326-2026-2028-syllabus.pdf,2026-10-04,current,19,20,0,20,0,0,0,59,0,59,0,nouman-ahmed (55); marlbridge-academic-team (4),farhat-ul-ain-sehgal (55); nouman-ahmed (4),2026-09-29,2026-09-27,NO_DATA,teaching,enquire,true,72308,marlbridge,none,None.
Cambridge,cambridge,A Level,a-level,Chemistry,chemistry,9701,verified,2025-2027,https://www.cambridgeinternational.org/programmes-and-qualifications/view/cambridge-international-as-and-a-level-chemistry-9701/,https://www.cambridgeinternational.org/Images/664563-2025-2027-syllabus.pdf,2026-08-17,published,published,37,0,,modeled,1,VERIFIED_COMPLETE,staged,5,https://www.cambridgeinternational.org/Images/664563-2025-2027-syllabus.pdf,2026-10-04,current,43,43,1,43,0,0,0,130,0,130,0,nouman-ahmed (121); marlbridge-academic-team (9),farhat-ul-ain-sehgal (121); nouman-ahmed (9),2026-09-29,2026-09-28,NO_DATA,teaching,enquire,true,156217,marlbridge,none,None.
Pearson Edexcel,edexcel,A Level,a-level,Accounting,accounting,YAC11,verified,2015-ongoing,https://qualifications.pearson.com/en/qualifications/edexcel-international-advanced-levels/accounting-2015.html,https://qualifications.pearson.com/content/dam/pdf/International%20Advanced%20Level/Accounting/2015/specification-and-sample-assessments/pearson-edexcel-ial-accounting-specification.pdf,2026-08-19,published,published,15,13,financial-statements-of-organisations;introduction-to-costing;analysis-of-accounting-statements;social-and-ethical-accounting;limited-companies-yac;investment-ratios;statement-of-cash-flows;budgeting-yac;standard-costing-yac;project-appraisal;break-even-analysis;marginal-costing-and-absorption-costing;ict-in-accounting,modeled,1,VERIFIED_COMPLETE,modular,2,https://qualifications.pearson.com/content/dam/pdf/International%20Advanced%20Level/Accounting/2015/specification-and-sample-assessments/pearson-edexcel-ial-accounting-specification.pdf,2026-08-28,current,2,2,0,2,1,0,0,7,0,7,0,marlbridge-academic-team (7),javaid-iqbal-sabri (7),2026-09-29,2026-09-07,NO_DATA,teaching,enquire,true,7500,la-course,under-8-resources;topics-without-resources,Write resources for unmapped topics (13).
Pearson Edexcel,edexcel,A Level,a-level,Biology,biology,YBI11,verified,2018-ongoing,https://qualifications.pearson.com/en/qualifications/edexcel-international-advanced-levels/biology-2018.html,https://qualifications.pearson.com/content/dam/pdf/International%20Advanced%20Level/Biology/2018/Specification-and-Sample-Assessment/International-A-Level-Biology-Spec.pdf,2026-08-19,published,published,8,6,cell-structure-reproduction-and-development-edexcel-alevel-biology;plant-structure-and-function-biodiversity-and-conservation-edexcel-alevel-biology;energy-flow-ecosystems-and-the-environment-edexcel-alevel-biology;microbiology-immunity-and-forensics-edexcel-alevel-biology;respiration-muscles-and-the-internal-environment-edexcel-alevel-biology;coordination-response-and-gene-technology-edexcel-alevel-biology,modeled,1,VERIFIED_COMPLETE,modular,6,https://qualifications.pearson.com/content/dam/pdf/International%20Advanced%20Level/Biology/2018/Specification-and-Sample-Assessment/International-A-Level-Biology-Spec.pdf,2026-08-28,current,2,2,0,2,1,0,0,7,0,7,0,marlbridge-academic-team (7),hina-mogul (7),2026-09-29,2026-09-07,NO_DATA,teaching,enquire,true,7201,la-course,under-8-resources;topics-without-resources,Write resources for unmapped topics (6).
Pearson Edexcel,edexcel,A Level,a-level,Business,business,YBS11,verified,2018-ongoing,https://qualifications.pearson.com/en/qualifications/edexcel-international-advanced-levels/business-2018.html,https://qualifications.pearson.com/content/dam/pdf/International%20Advanced%20Level/Business/2018/Specification-and-Sample-Assessment/International-A-Level-Business-Spec.pdf,2026-09-17,published,published,4,2,business-decisions-and-strategy-edexcel-alevel-business;global-business-edexcel-alevel-business,modeled,1,VERIFIED_COMPLETE,modular,4,https://qualifications.pearson.com/content/dam/pdf/International%20Advanced%20Level/Business/2018/Specification-and-Sample-Assessment/International-A-Level-Business-Spec.pdf,2026-08-28,current,2,2,0,2,1,0,0,7,0,7,0,marlbridge-academic-team (7),salman-ahmad (7),2026-09-29,2026-09-07,NO_DATA,teaching,enquire,true,10610,la-course,under-8-resources;topics-without-resources,Write resources for unmapped topics (2).
Pearson Edexcel,edexcel,A Level,a-level,Chemistry,chemistry,YCH11,verified,2018-ongoing,https://qualifications.pearson.com/content/dam/pdf/International%20Advanced%20Level/Chemistry/2018/Specification-and-Sample-Assessment/International-A-Level-Chemistry-Spec.pdf,NO_DATA,2026-08-21,published,published,6,5,unit-2-energetics-group-chemistry-ych11;unit-3-practical-skills-in-chemistry-i-ych11;unit-4-rates-equilibria-further-organic-ych11;unit-5-transition-metals-organic-nitrogen-ych11;unit-6-practical-skills-in-chemistry-ii-ych11,modeled,1,VERIFIED_COMPLETE,modular,6,https://qualifications.pearson.com/content/dam/pdf/International%20Advanced%20Level/Chemistry/2018/Specification-and-Sample-Assessment/International-A-Level-Chemistry-Spec.pdf,2026-08-28,current,2,2,0,2,1,0,0,7,0,7,0,marlbridge-academic-team (7),nouman-ahmed (7),2026-09-29,2026-09-07,NO_DATA,teaching,enquire,true,6948,la-course,under-8-resources;topics-without-resources,Write resources for unmapped topics (5).
Pearson Edexcel,edexcel,A Level,a-level,Economics,economics,YEC11,verified,2018-ongoing,https://qualifications.pearson.com/en/qualifications/edexcel-international-advanced-levels/economics-2018.html,https://qualifications.pearson.com/content/dam/pdf/International%20Advanced%20Level/Economics/2018/Specification-and-Sample-Assessment/International-A-Level-Economics-spec.pdf,2026-09-17,published,published,4,2,business-behaviour-edexcel-alevel-economics;developments-in-the-global-economy-edexcel-alevel-economics,modeled,1,VERIFIED_COMPLETE,modular,4,https://qualifications.pearson.com/content/dam/pdf/International%20Advanced%20Level/Economics/2018/Specification-and-Sample-Assessment/International-A-Level-Economics-spec.pdf,2026-08-28,current,2,2,0,2,1,0,0,7,0,7,0,marlbridge-academic-team (7),salman-ahmad (7),2026-09-29,2026-09-07,NO_DATA,teaching,enquire,true,10100,la-course,under-8-resources;topics-without-resources,Write resources for unmapped topics (2).
Pearson Edexcel,edexcel,A Level,a-level,Law,law,YLA1,verified,2015-ongoing,https://qualifications.pearson.com/content/dam/pdf/International%20Advanced%20Level/Law/2015/specification-and-sample-assessments/Pearson-Edexcel-IAL-Law-Specification.pdf,NO_DATA,2026-08-21,published,published,2,0,,modeled,1,VERIFIED_COMPLETE,linear,2,https://qualifications.pearson.com/content/dam/pdf/International%20Advanced%20Level/Law/2015/specification-and-sample-assessments/Pearson-Edexcel-IAL-Law-Specification.pdf,2026-08-30,current,2,2,0,2,1,0,0,7,0,7,0,marlbridge-academic-team (7),aizaz-raoof-ali (7),2026-09-29,2026-09-07,NO_DATA,teaching,enquire,true,8670,la-course,under-8-resources,Add resources to reach the 8-resource depth target.
Pearson Edexcel,edexcel,A Level,a-level,Mathematics,mathematics,YMA01,verified,2018-ongoing,https://qualifications.pearson.com/en/qualifications/edexcel-international-advanced-levels/mathematics-2018.html,https://qualifications.pearson.com/content/dam/pdf/International%20Advanced%20Level/Mathematics/2018/Specification-and-Sample-Assessment/international-a-level-maths-spec.pdf,2026-08-19,published,published,9,7,unit-p3-pure-mathematics-3-edexcel-alevel-maths;unit-p4-pure-mathematics-4-edexcel-alevel-maths;unit-m1-mechanics-1-edexcel-alevel-maths;unit-m2-mechanics-2-edexcel-alevel-maths;unit-s1-statistics-1-edexcel-alevel-maths;unit-s2-statistics-2-edexcel-alevel-maths;unit-d1-decision-mathematics-1-edexcel-alevel-maths,modeled,1,VERIFIED_COMPLETE,modular,9,https://qualifications.pearson.com/content/dam/pdf/International%20Advanced%20Level/Mathematics/2018/Specification-and-Sample-Assessment/international-a-level-maths-spec.pdf,2026-08-28,current,2,2,0,2,1,0,0,7,0,7,0,marlbridge-academic-team (7),sajawal-zahid (7),2026-09-29,2026-09-07,NO_DATA,teaching,enquire,true,8196,la-course,under-8-resources;topics-without-resources,Write resources for unmapped topics (7).
Pearson Edexcel,edexcel,A Level,a-level,Physics,physics,YPH11,verified,2018-ongoing,https://qualifications.pearson.com/en/qualifications/edexcel-international-advanced-levels/physics-2018.html,https://qualifications.pearson.com/content/dam/pdf/International%20Advanced%20Level/Physics/2018/Specification%20and%20Sample%20Assessment/9781446957783_IAL_Physics_Iss3.pdf,2026-08-18,published,published,6,2,unit-3-practical-skills-in-physics-i;unit-6-practical-skills-in-physics-ii,modeled,1,VERIFIED_COMPLETE,modular,6,https://qualifications.pearson.com/content/dam/pdf/International%20Advanced%20Level/Physics/2018/Specification%20and%20Sample%20Assessment/9781446957783_IAL_Physics_Iss3.pdf,2026-08-28,current,11,11,0,11,0,0,0,33,0,33,0,iftikhar-azeemi (33),hassan (33),2026-09-29,2026-09-27,NO_DATA,teaching,enquire,true,36010,la-course,topics-without-resources,Write resources for unmapped topics (2).
Pearson Edexcel,edexcel,A Level,a-level,Urdu Language,urdu-language,9UR0,verified,2018-ongoing,https://qualifications.pearson.com/content/dam/pdf/A%20Level/Urdu/2018/specification-and-sample-assessments/a-level-urdu-specification11.pdf,NO_DATA,2026-08-19,published,published,5,3,theme-1-evolving-pakistani-society-9ur0;theme-2-art-and-culture-urdu-speaking-world-9ur0;theme-3-immigration-multicultural-society-9ur0,modeled,1,VERIFIED_COMPLETE,linear,3,https://qualifications.pearson.com/content/dam/pdf/A%20Level/Urdu/2018/specification-and-sample-assessments/a-level-urdu-specification11.pdf,2026-08-28,current,3,3,0,3,0,0,0,9,0,9,0,marlbridge-academic-team (9),farheen-zehra (9),2026-09-29,2026-09-27,NO_DATA,teaching,enquire,true,12292,la-course,topics-without-resources,Write resources for unmapped topics (3).
Pearson Edexcel,edexcel,IGCSE,igcse,Biology,biology,4BI1,verified,2017-ongoing,https://qualifications.pearson.com/en/qualifications/edexcel-international-gcses/international-gcse-biology-2017.html,https://qualifications.pearson.com/content/dam/pdf/International%20GCSE/Biology/2017/specification-and-sample-assessments/international-gcse-biology-2017-specification1.pdf,2026-08-19,published,published,5,0,,modeled,1,VERIFIED_COMPLETE,linear,2,https://qualifications.pearson.com/content/dam/pdf/International%20GCSE/Biology/2017/specification-and-sample-assessments/international-gcse-biology-2017-specification1.pdf,2026-08-28,current,15,15,0,15,0,0,0,45,0,15,30,marlbridge-academic-team (45),hina-mogul (15),2026-09-29,2026-10-04,NO_DATA,teaching,enquire,true,77463,la-course,none,Named-reviewer sign-off of review-pending resources.
Pearson Edexcel,edexcel,IGCSE,igcse,Chemistry,chemistry,4CH1,verified,2017-ongoing,https://qualifications.pearson.com/content/dam/pdf/International%20GCSE/Chemistry/2017/specification-and-sample-assessments/international-gcse-chemistry-2017-specification.pdf,NO_DATA,2026-08-21,published,published,4,0,,modeled,1,VERIFIED_COMPLETE,linear,2,https://qualifications.pearson.com/content/dam/pdf/International%20GCSE/Chemistry/2017/specification-and-sample-assessments/international-gcse-chemistry-2017-specification.pdf,2026-08-28,current,14,14,0,11,1,0,0,40,2,15,25,marlbridge-academic-team (40),nouman-ahmed (15),2026-09-29,2026-10-04,NO_DATA,teaching,enquire,true,67968,la-course,none,Named-reviewer sign-off of review-pending resources.
Pearson Edexcel,edexcel,IGCSE,igcse,Economics,economics,4EC1,verified,2017-ongoing,https://qualifications.pearson.com/en/qualifications/edexcel-international-gcses/international-gcse-economics-2017.html,https://qualifications.pearson.com/content/dam/pdf/International%20GCSE/Economics/2017/Specification%20and%20SAMS/international-gcse-spec-9781446942789.pdf,2026-08-19,published,published,4,2,government-and-the-economy-edexcel-igcse-economics;the-global-economy-edexcel-igcse-economics,modeled,1,VERIFIED_COMPLETE,linear,2,https://qualifications.pearson.com/content/dam/pdf/International%20GCSE/Economics/2017/Specification%20and%20SAMS/international-gcse-spec-9781446942789.pdf,2026-08-28,current,3,2,0,2,1,0,0,8,0,8,0,marlbridge-academic-team (8),salman-ahmad (8),2026-09-29,2026-09-28,NO_DATA,teaching,enquire,true,9500,la-course,topics-without-resources,Write resources for unmapped topics (2).
Pearson Edexcel,edexcel,IGCSE,igcse,English Language,english-language,4EA1,verified,2016-ongoing,https://qualifications.pearson.com/en/qualifications/edexcel-international-gcses/international-gcse-english-language-a-2016.html,https://qualifications.pearson.com/content/dam/pdf/International%20GCSE/English%20Language%20A/2016/Specification%20and%20sample%20assessments/9781446954379-int-gcse-englang-a-iss6-02-02-2023.pdf,2026-08-19,published,published,4,1,spoken-language-endorsement-4ea1,modeled,1,VERIFIED_COMPLETE,component-based,3,https://qualifications.pearson.com/content/dam/pdf/International%20GCSE/English%20Language%20A/2016/Specification%20and%20sample%20assessments/9781446954379-int-gcse-englang-a-iss6-02-02-2023.pdf,2026-08-28,current,3,2,0,2,1,0,0,8,0,8,0,marlbridge-academic-team (8),ammar-bilal (8),2026-09-29,2026-09-28,NO_DATA,teaching,enquire,true,8601,la-course,topics-without-resources,Write resources for unmapped topics (1).
Pearson Edexcel,edexcel,IGCSE,igcse,World History,world-history,4HI1,verified,2017-ongoing,https://qualifications.pearson.com/content/dam/pdf/International%20GCSE/History/2017/specification-and-sample-assessments/int-gcse-history-specification.pdf,NO_DATA,2026-08-19,published,published,2,0,,modeled,1,VERIFIED_COMPLETE,linear,2,https://qualifications.pearson.com/content/dam/pdf/International%20GCSE/History/2017/specification-and-sample-assessments/int-gcse-history-specification.pdf,2026-08-28,current,2,2,0,2,1,0,0,7,0,7,0,marlbridge-academic-team (7),azam-siddique (7),2026-09-29,2026-09-07,NO_DATA,teaching,enquire,true,8875,la-course,under-8-resources,Add resources to reach the 8-resource depth target.
Pearson Edexcel,edexcel,IGCSE,igcse,Mathematics,mathematics,4MA1,verified,2016-ongoing,https://qualifications.pearson.com/en/qualifications/edexcel-international-gcses/international-gcse-mathematics-a-2016.html,https://qualifications.pearson.com/content/dam/pdf/International%20GCSE/Mathematics%20A/2016/Specification%20and%20sample%20assessments/international-gcse-in-mathematics-spec-a.pdf,2026-08-19,published,published,6,0,,modeled,1,VERIFIED_COMPLETE,linear,4,https://qualifications.pearson.com/content/dam/pdf/International%20GCSE/Mathematics%20A/2016/Specification%20and%20sample%20assessments/international-gcse-in-mathematics-spec-a.pdf,2026-08-28,current,18,18,0,18,1,0,0,55,0,19,36,marlbridge-academic-team (55),sajawal-zahid (19),2026-09-29,2026-10-04,NO_DATA,teaching,enquire,true,100640,la-course,none,Named-reviewer sign-off of review-pending resources.
Pearson Edexcel,edexcel,IGCSE,igcse,Physics,physics,4PH1,verified,2017-ongoing,https://qualifications.pearson.com/en/qualifications/edexcel-international-gcses/international-gcse-physics-2017.html,https://qualifications.pearson.com/content/dam/pdf/International%20GCSE/Physics/2017/specification-and-sample-assessments/international-gcse-physics-2017-specification.pdf,2026-08-18,published,published,8,0,,modeled,1,VERIFIED_COMPLETE,linear,2,https://qualifications.pearson.com/content/dam/pdf/International%20GCSE/Physics/2017/specification-and-sample-assessments/international-gcse-physics-2017-specification.pdf,2026-08-28,current,8,8,0,8,0,0,0,24,0,24,0,iftikhar-azeemi (20); marlbridge-academic-team (4),hassan (20); iftikhar-azeemi (4),2026-09-29,2026-09-27,NO_DATA,teaching,enquire,true,25356,la-course,none,None.
Pearson Edexcel,edexcel,IGCSE,igcse,English Literature,english-literature,4ET1,verified,2016-ongoing,https://qualifications.pearson.com/en/qualifications/edexcel-international-gcses/international-gcse-english-literature-2016.html,https://qualifications.pearson.com/content/dam/pdf/International%20GCSE/English%20Literature/2016/Specification%20and%20sample%20assessments/international-gcse-english-literature-specification.pdf,2026-08-19,published,published,3,0,,modeled,1,VERIFIED_COMPLETE,component-based,3,https://qualifications.pearson.com/content/dam/pdf/International%20GCSE/English%20Literature/2016/Specification%20and%20sample%20assessments/International_GCSE_English_Literature_specification.pdf,2026-08-28,current,3,2,0,2,1,0,0,8,0,8,0,marlbridge-academic-team (8),ammar-bilal (8),2026-09-29,2026-09-28,NO_DATA,teaching,enquire,true,9402,board,evidence-is-blanket-authorization-not-subject-specific-confirmation,None.
Pearson Edexcel,edexcel,A Level,a-level,English Literature,english-literature,YET01,verified,2015-ongoing,https://qualifications.pearson.com/en/qualifications/edexcel-international-advanced-levels/english-literature-2015.html,https://qualifications.pearson.com/content/dam/pdf/International%20Advanced%20Level/english-literature/2015/specification-and-sample-assessments/9781446954058-ial-englit-iss6-9-spec-240521pm.pdf,2026-08-19,published,published,4,2,unit-3-poetry-and-prose-yet01;unit-4-shakespeare-and-pre-1900-poetry-yet01,modeled,1,VERIFIED_COMPLETE,modular,4,https://qualifications.pearson.com/content/dam/pdf/International%20Advanced%20Level/english-literature/2015/specification-and-sample-assessments/9781446954058-ial-englit-iss6-9-spec-240521pm.pdf,2026-08-28,current,2,2,0,2,1,0,0,7,0,7,0,marlbridge-academic-team (7),ammar-bilal (7),2026-09-29,2026-09-07,NO_DATA,teaching,enquire,true,8337,board,under-8-resources;topics-without-resources;evidence-is-blanket-authorization-not-subject-specific-confirmation,Write resources for unmapped topics (2).
International Baccalaureate,ib,IB Diploma Programme,ib-dp,Business,business,DP Business Management,verified,2024-current,https://www.ibo.org/globalassets/new-structure/programmes/dp/pdfs/business-management-hl-subject-brief-en.pdf,https://www.ibo.org/globalassets/new-structure/university-admission/pdfs/subject-guides/business-management-guide.pdf,2026-09-05,published,published,5,3,ib-dp-business-unit-1;ib-dp-business-unit-2;ib-dp-business-unit-5,modeled,1,VERIFIED_COMPLETE,component-based,7,https://www.ibo.org/globalassets/new-structure/programmes/dp/pdfs/business-management-hl-subject-brief-en.pdf,2026-09-05,current,3,3,0,2,1,1,0,10,0,10,0,marlbridge-academic-team (10),salman-ahmad (10),2026-09-29,2026-09-07,NO_DATA,teaching,enquire,true,11919,marlbridge,topics-without-resources,Write resources for unmapped topics (3).
International Baccalaureate,ib,IB Diploma Programme,ib-dp,Language A: Language and Literature,language-a-language-and-literature,DP Language A: Language and Literature,verified,2021-current,https://www.ibo.org/contentassets/5895a05412144fe890312bad52b17044/curriculum.brief-languagea.language.and.literature-eng.pdf,NO_DATA,2026-09-05,published,published,3,0,,modeled,1,VERIFIED_COMPLETE,component-based,7,https://www.ibo.org/contentassets/5895a05412144fe890312bad52b17044/curriculum.brief-languagea.language.and.literature-eng.pdf,2026-09-05,current,11,11,0,10,1,1,0,34,0,34,0,marlbridge-academic-team (34),ammar-bilal (34),2026-09-29,2026-09-27,NO_DATA,teaching,enquire,true,57377,marlbridge,none,None.
International Baccalaureate,ib,IB Diploma Programme,ib-dp,Language A: Literature,language-a-literature,DP Language A: Literature,verified,2021-current,https://www.ibo.org/contentassets/5895a05412144fe890312bad52b17044/curriculum.brief-languagea.literature-eng.pdf,NO_DATA,2026-09-04,published,published,3,0,,modeled,1,VERIFIED_COMPLETE,component-based,7,https://www.ibo.org/contentassets/5895a05412144fe890312bad52b17044/curriculum.brief-languagea.literature-eng.pdf,2026-09-04,current,11,11,0,10,1,1,0,34,0,34,0,marlbridge-academic-team (34),ammar-bilal (34),2026-09-29,2026-09-27,NO_DATA,teaching,enquire,true,57905,marlbridge,none,None.
International Baccalaureate,ib,IB Diploma Programme,ib-dp,Computer Science,computer-science,DP Computer Science (2014) / DP Computer Science (2027),verified,2027-current,https://www.ibo.org/globalassets/new-structure/university-admission/pdfs/dp_comp_sci_subjectbrief_en.pdf,NO_DATA,2026-09-08,published,published,2,0,,modeled,2,VERIFIED_COMPLETE,component-based,6,https://www.ibo.org/globalassets/new-structure/university-admission/pdfs/subject-guides/computer-science-first-assessment-2027-guide-sbs.pdf,2026-09-21,current,3,3,0,2,1,1,0,10,0,10,0,marlbridge-academic-team (10),harris-khan (10),2026-09-29,2026-09-07,NO_DATA,teaching,enquire,true,10554,marlbridge,none,None.
International Baccalaureate,ib,IB Diploma Programme,ib-dp,Psychology,psychology,DP Psychology (2019) / DP Psychology (2027),verified,2019-current,https://www.ibo.org/university-admission/latest-curriculum-updates/psychology-updates/,https://www.ibo.org/contentassets/5895a05412144fe890312bad52b17044/psychology-sl-hl-2019-en.pdf,2026-09-08,published,published,8,6,ib-dp-psychology-sociocultural-approach;ib-dp-psychology-approaches-to-researching-behaviour;ib-dp-psychology-abnormal-psychology;ib-dp-psychology-developmental-psychology;ib-dp-psychology-health-psychology;ib-dp-psychology-psychology-of-human-relationships,modeled,2,VERIFIED_COMPLETE,component-based,7,https://www.ibo.org/university-admission/latest-curriculum-updates/psychology-updates/,2026-09-05,current,3,3,0,2,1,1,0,10,0,0,10,marlbridge-academic-team (10),NO_DATA,NO_DATA,2026-09-07,NO_DATA,teaching,enquire,true,13247,marlbridge,topics-without-resources,Write resources for unmapped topics (6).
International Baccalaureate,ib,IB Diploma Programme,ib-dp,Biology,biology,DP Biology,verified,2025-current,https://www.ibo.org/globalassets/new-structure/recognition/pdfs/dp_sciences_biology_subject-brief_jan_2022_e.pdf,https://www.ibo.org/globalassets/new-structure/university-admission/pdfs/subject-guides/biology-guide.pdf,2026-09-04,published,published,4,2,ib-dp-biology-interaction-interdependence;ib-dp-biology-continuity-change,modeled,1,VERIFIED_COMPLETE,component-based,3,https://www.ibo.org/globalassets/new-structure/recognition/pdfs/dp_sciences_biology_subject-brief_jan_2022_e.pdf,2026-09-04,current,3,3,0,2,1,1,0,10,0,10,0,marlbridge-academic-team (10),hina-mogul (10),2026-09-29,2026-09-07,NO_DATA,teaching,enquire,true,11044,marlbridge,topics-without-resources,Write resources for unmapped topics (2).
International Baccalaureate,ib,IB Diploma Programme,ib-dp,Chemistry,chemistry,DP Chemistry,verified,2025-current,https://www.ibo.org/globalassets/new-structure/recognition/pdfs/dp_sciences_chemistry_subject-brief_jan_2022_e.pdf,NO_DATA,2026-09-04,published,published,6,4,ib-dp-chemistry-structure-2;ib-dp-chemistry-structure-3;ib-dp-chemistry-reactivity-1;ib-dp-chemistry-reactivity-2,modeled,1,VERIFIED_COMPLETE,component-based,3,https://www.ibo.org/globalassets/new-structure/recognition/pdfs/dp_sciences_chemistry_subject-brief_jan_2022_e.pdf,2026-09-04,current,3,3,0,2,1,1,0,10,0,10,0,marlbridge-academic-team (10),nouman-ahmed (10),2026-09-29,2026-09-07,NO_DATA,teaching,enquire,true,12013,marlbridge,topics-without-resources,Write resources for unmapped topics (4).
International Baccalaureate,ib,IB Diploma Programme,ib-dp,Economics,economics,DP Economics,verified,2022-current,https://www.ibo.org/en/programmes/diploma-programme/curriculum/individuals-and-societies/economics/,https://www.ibo.org/globalassets/new-structure/university-admission/pdfs/subject-guides/economics-guide.pdf,2026-08-28,published,published,4,0,,modeled,1,VERIFIED_COMPLETE,component-based,7,https://www.ibo.org/en/programmes/diploma-programme/curriculum/individuals-and-societies/economics/,2026-08-28,current,3,2,0,2,1,0,0,8,0,8,0,marlbridge-academic-team (8),salman-ahmad (8),2026-09-29,2026-09-27,NO_DATA,teaching,enquire,true,10144,marlbridge,none,None.
International Baccalaureate,ib,IB Diploma Programme,ib-dp,Geography,geography,DP Geography,verified,2019-current,https://www.ibo.org/contentassets/5895a05412144fe890312bad52b17044/geography-sl-hl-2017-en.pdf,https://www.ibo.org/globalassets/new-structure/university-admission/pdfs/subject-guides/geography-guide.pdf,2026-09-04,published,published,14,12,ib-dp-geography-freshwater;ib-dp-geography-oceans-coastal-margins;ib-dp-geography-extreme-environments;ib-dp-geography-geophysical-hazards;ib-dp-geography-leisure-tourism-sport;ib-dp-geography-food-health;ib-dp-geography-urban-environments;ib-dp-geography-global-resource-consumption;ib-dp-geography-power-places-networks;ib-dp-geography-human-development-diversity;ib-dp-geography-global-risks-resilience;ib-dp-geography-fieldwork,modeled,1,VERIFIED_COMPLETE,component-based,7,https://www.ibo.org/contentassets/5895a05412144fe890312bad52b17044/geography-sl-hl-2017-en.pdf,2026-09-04,current,3,3,0,2,1,1,0,10,0,0,10,marlbridge-academic-team (10),NO_DATA,NO_DATA,2026-09-07,NO_DATA,teaching,enquire,true,10825,marlbridge,topics-without-resources,Write resources for unmapped topics (12).
International Baccalaureate,ib,IB Diploma Programme,ib-dp,World History,world-history,DP History,verified,2017-2027,https://www.ibo.org/globalassets/new-structure/programmes/dp/pdfs/history-hl-2020-eng.pdf,NO_DATA,2026-09-04,published,published,4,3,ib-dp-world-history-prescribed-subjects;ib-dp-world-history-world-history-topics;ib-dp-world-history-hl-options-depth-studies,modeled,1,VERIFIED_COMPLETE,component-based,7,https://www.ibo.org/globalassets/new-structure/programmes/dp/pdfs/history-hl-2020-eng.pdf,2026-09-04,current,3,3,0,2,1,1,0,10,0,10,0,marlbridge-academic-team (10),azam-siddique (10),2026-09-29,2026-09-07,NO_DATA,teaching,enquire,true,10659,marlbridge,topics-without-resources,Write resources for unmapped topics (3).
International Baccalaureate,ib,IB Diploma Programme,ib-dp,Language B,language-b,DP Language B,verified,2020-current,https://www.ibo.org/contentassets/5895a05412144fe890312bad52b17044/lang-b-2018-en.pdf,NO_DATA,2026-09-04,published,published,5,0,,modeled,1,VERIFIED_COMPLETE,component-based,8,https://www.ibo.org/contentassets/5895a05412144fe890312bad52b17044/lang-b-2018-en.pdf,2026-09-04,current,11,11,0,10,1,1,0,34,0,34,0,marlbridge-academic-team (34),ammar-bilal (34),2026-09-29,2026-09-27,NO_DATA,teaching,enquire,true,57950,marlbridge,none,None.
International Baccalaureate,ib,IB Diploma Programme,ib-dp,Mathematics: Analysis and Approaches,mathematics-analysis-and-approaches,DP Mathematics: Analysis and Approaches,verified,2021-current,https://www.ibo.org/contentassets/5895a05412144fe890312bad52b17044/subject-brief-dp-math-analysis-and-approaches-en.pdf,https://www.ibo.org/globalassets/new-structure/university-admission/pdfs/dp-mathematics-analysis-and-approaches-guide-en.pdf,2026-09-04,published,published,5,0,,modeled,1,VERIFIED_COMPLETE,component-based,7,https://www.ibo.org/contentassets/5895a05412144fe890312bad52b17044/subject-brief-dp-math-analysis-and-approaches-en.pdf,2026-09-04,current,18,18,0,17,1,1,0,55,0,55,0,marlbridge-academic-team (55),muhammad-ghazali-siddiqui (55),2026-09-29,2026-09-27,NO_DATA,teaching,enquire,true,98449,marlbridge,none,None.
International Baccalaureate,ib,IB Diploma Programme,ib-dp,Mathematics: Applications and Interpretation,mathematics-applications-and-interpretation,DP Mathematics: Applications and Interpretation,verified,2021-current,https://www.ibo.org/contentassets/5895a05412144fe890312bad52b17044/subject-brief-dp-math-applications-and-interpretations-en.pdf,https://www.ibo.org/globalassets/new-structure/university-admission/pdfs/dp-mathematics-applications-and-interpretation-guide-en.pdf,2026-09-04,published,published,5,0,,modeled,1,VERIFIED_COMPLETE,component-based,7,https://www.ibo.org/contentassets/5895a05412144fe890312bad52b17044/subject-brief-dp-math-applications-and-interpretations-en.pdf,2026-09-04,current,20,20,0,19,1,1,0,61,0,61,0,marlbridge-academic-team (61),muhammad-ghazali-siddiqui (61),2026-09-29,2026-09-27,NO_DATA,teaching,enquire,true,109892,marlbridge,none,None.
International Baccalaureate,ib,IB Diploma Programme,ib-dp,Physics,physics,DP Physics,verified,2025-current,https://www.ibo.org/en/programmes/diploma-programme/curriculum/sciences/physics/,https://www.ibo.org/globalassets/new-structure/university-admission/pdfs/subject-guides/physics-guide.pdf,2026-08-28,published,published,5,0,,modeled,1,VERIFIED_COMPLETE,component-based,6,https://www.ibo.org/en/programmes/diploma-programme/curriculum/sciences/physics/,2026-08-28,current,3,2,0,2,1,0,0,8,0,8,0,marlbridge-academic-team (8),iftikhar-azeemi (8),2026-09-29,2026-09-07,NO_DATA,teaching,enquire,true,8292,marlbridge,none,None.
International Baccalaureate,ib,IB Diploma Programme,ib-dp,Environmental Systems and Societies,environmental-systems-and-societies,DP Environmental Systems and Societies,verified,2026-current,https://www.ibo.org/globalassets/new-structure/university-admission/pdfs/environmental-systems-and-societies-subject-brief-en.pdf,NO_DATA,2026-09-05,published,published,11,0,,modeled,1,VERIFIED_COMPLETE,component-based,6,https://www.ibo.org/globalassets/new-structure/university-admission/pdfs/environmental-systems-and-societies-subject-brief-en.pdf,2026-09-05,current,13,13,0,12,1,1,0,40,0,0,40,marlbridge-academic-team (40),NO_DATA,NO_DATA,2026-09-27,NO_DATA,teaching,enquire,true,71085,marlbridge,none,Named-reviewer sign-off of review-pending resources.
International Baccalaureate,ib,IB Diploma Programme,ib-dp,Global Politics,global-politics,DP Global Politics,verified,2026-current,https://www.ibo.org/globalassets/new-structure/university-admission/pdfs/global-politics-sl-hl-subject-brief-en.pdf,https://www.ibo.org/globalassets/new-structure/university-admission/pdfs/subject-guides/global-politics-guide-first-assessment-2026.pdf,2026-09-05,published,published,5,0,,modeled,1,VERIFIED_COMPLETE,component-based,7,https://www.ibo.org/globalassets/new-structure/university-admission/pdfs/subject-guides/global-politics-guide-first-assessment-2026.pdf,2026-09-17,current,11,11,0,10,1,1,0,34,0,0,34,marlbridge-academic-team (34),NO_DATA,NO_DATA,2026-09-28,NO_DATA,teaching,enquire,true,58385,marlbridge,none,Named-reviewer sign-off of review-pending resources.
International Baccalaureate,ib,IB Middle Years Programme,ib-myp,Language Acquisition (MYP),myp-language-acquisition,MYP Language Acquisition,verified,2020-current,https://www.ibo.org/globalassets/new-structure/brochures-and-infographics/pdfs/myp-brief-language-acquisition-2020-en.pdf,NO_DATA,2026-09-04,published,published,5,0,,modeled,1,VERIFIED_COMPLETE,criterion-referenced,4,https://www.ibo.org/globalassets/new-structure/brochures-and-infographics/pdfs/myp-brief-language-acquisition-2020-en.pdf,2026-09-04,current,11,11,0,10,1,1,0,34,0,34,0,marlbridge-academic-team (34),ammar-bilal (34),2026-09-29,2026-09-28,NO_DATA,teaching,enquire,true,57401,marlbridge,none,None.
International Baccalaureate,ib,IB Middle Years Programme,ib-myp,Mathematics,mathematics,MYP Mathematics,verified,2020-current,https://www.ibo.org/globalassets/new-structure/brochures-and-infographics/pdfs/myp-brief-mathematics-en.pdf,NO_DATA,2026-09-04,published,published,5,3,ib-myp-mathematics-key-concepts;ib-myp-mathematics-related-concepts;ib-myp-mathematics-global-contexts,modeled,1,VERIFIED_COMPLETE,criterion-referenced,4,https://www.ibo.org/globalassets/new-structure/brochures-and-infographics/pdfs/myp-brief-mathematics-en.pdf,2026-09-04,current,3,3,0,2,1,1,0,10,0,10,0,marlbridge-academic-team (10),sajawal-zahid (10),2026-09-29,2026-09-06,NO_DATA,teaching,enquire,true,10294,marlbridge,topics-without-resources,Write resources for unmapped topics (3).
International Baccalaureate,ib,IB Middle Years Programme,ib-myp,Sciences (MYP),myp-sciences,MYP Sciences,verified,2014-current,https://www.ibo.org/globalassets/new-structure/brochures-and-infographics/pdfs/myp-brief-sciences-en.pdf,NO_DATA,2026-09-04,published,published,5,0,,modeled,1,VERIFIED_COMPLETE,criterion-referenced,4,https://www.ibo.org/globalassets/new-structure/brochures-and-infographics/pdfs/myp-brief-sciences-en.pdf,2026-09-04,current,13,13,0,12,1,1,0,40,0,34,6,marlbridge-academic-team (40),nouman-ahmed (16); ameer-hamza (12); iftikhar-azeemi (6),2026-09-29,2026-10-04,NO_DATA,teaching,enquire,true,68933,marlbridge,none,Named-reviewer sign-off of review-pending resources.
International Baccalaureate,ib,IB Middle Years Programme,ib-myp,Design (MYP),myp-design,MYP Design,verified,2014-current,https://www.ibo.org/globalassets/new-structure/brochures-and-infographics/pdfs/myp-brief_design_2015.pdf,NO_DATA,2026-09-04,published,published,4,0,,modeled,1,VERIFIED_COMPLETE,criterion-referenced,4,https://www.ibo.org/globalassets/new-structure/brochures-and-infographics/pdfs/myp-brief_design_2015.pdf,2026-09-04,current,11,11,0,10,1,1,0,34,0,0,34,marlbridge-academic-team (34),NO_DATA,NO_DATA,2026-09-28,NO_DATA,teaching,enquire,true,57466,marlbridge,none,Named-reviewer sign-off of review-pending resources.
International Baccalaureate,ib,IB Middle Years Programme,ib-myp,Individuals and Societies (MYP),myp-individuals-and-societies,MYP Individuals and Societies,verified,2014-current,https://www.ibo.org/globalassets/new-structure/brochures-and-infographics/pdfs/myp-brief_individuals-societies_2015.pdf,NO_DATA,2026-09-04,published,published,6,0,,modeled,1,VERIFIED_COMPLETE,criterion-referenced,4,https://www.ibo.org/globalassets/new-structure/brochures-and-infographics/pdfs/myp-brief_individuals-societies_2015.pdf,2026-09-04,current,13,13,0,12,1,1,0,40,0,0,40,marlbridge-academic-team (40),NO_DATA,NO_DATA,2026-10-04,NO_DATA,teaching,enquire,true,68638,marlbridge,none,Named-reviewer sign-off of review-pending resources.
OCR,ocr,GCSE,gcse,Chemistry,chemistry,J248,verified,2016-ongoing,https://www.ocr.org.uk/qualifications/gcse/gateway-science-suite-chemistry-a-j248-from-2016/,https://www.ocr.org.uk/Images/234598-specification-accredited-gcse-gateway-science-suite-chemistry-a-j248.pdf,2026-08-18,published,published,6,4,topic-c3-chemical-reactions-j248;topic-c4-predicting-identifying-reactions-j248;topic-c5-monitoring-controlling-reactions-j248;topic-c6-global-challenges-j248,modeled,1,VERIFIED_COMPLETE,linear,4,https://www.ocr.org.uk/Images/462559-exploring-our-question-papers-gateway-science.pdf,2026-08-28,current,2,2,0,2,1,0,0,7,0,7,0,marlbridge-academic-team (4); nouman-ahmed (3),nouman-ahmed (4); farhat-ul-ain-sehgal (3),2026-09-29,2026-09-27,NO_DATA,teaching,enquire,true,9921,board,under-8-resources;topics-without-resources;evidence-is-blanket-authorization-not-subject-specific-confirmation,Write resources for unmapped topics (4).
OCR,ocr,GCSE,gcse,Physics,physics,J249,verified,2016-ongoing,https://www.ocr.org.uk/qualifications/gcse/gateway-science-suite-physics-a-j249-from-2016/,https://www.ocr.org.uk/Images/234600-specification-accredited-gcse-gateway-science-suite-physics-a-j249.pdf,2026-08-18,published,published,8,6,electricity-ocr-gcse;magnetism-and-magnetic-fields-ocr-gcse;waves-in-matter-ocr-gcse;radioactivity-ocr-gcse;energy-ocr-gcse;global-challenges-ocr-gcse,modeled,1,VERIFIED_COMPLETE,linear,4,https://www.ocr.org.uk/Images/234600-specification-accredited-gcse-gateway-science-suite-physics-a-j249.pdf,2026-09-17,current,2,2,0,2,1,0,0,7,0,7,0,marlbridge-academic-team (7),iftikhar-azeemi (7),2026-09-29,2026-09-07,NO_DATA,teaching,enquire,true,8963,board,under-8-resources;topics-without-resources;evidence-is-blanket-authorization-not-subject-specific-confirmation,Write resources for unmapped topics (6).
OCR,ocr,GCSE,gcse,Biology,biology,J247,verified,2016-ongoing,https://www.ocr.org.uk/qualifications/gcse/gateway-science-suite-biology-a-j247-from-2016/,https://www.ocr.org.uk/qualifications/gcse/gateway-science-suite-biology-a-j247-from-2016/specification-at-a-glance/,2026-08-18,published,published,7,5,organism-level-systems-ocr-gcse-biology;community-level-systems-ocr-gcse-biology;genes-inheritance-and-selection-ocr-gcse-biology;global-challenges-ocr-gcse-biology;practical-skills-ocr-gcse-biology,modeled,1,VERIFIED_COMPLETE,linear,4,https://www.ocr.org.uk/Images/462559-exploring-our-question-papers-gateway-science.pdf,2026-08-28,current,2,2,0,2,1,0,0,7,0,7,0,marlbridge-academic-team (7),hina-mogul (7),2026-09-29,2026-09-07,NO_DATA,teaching,enquire,true,10550,board,under-8-resources;topics-without-resources;evidence-is-blanket-authorization-not-subject-specific-confirmation,Write resources for unmapped topics (5).
OCR,ocr,GCSE,gcse,Mathematics,mathematics,J560,verified,2015-ongoing,https://www.ocr.org.uk/qualifications/gcse/mathematics-j560-from-2015/,https://www.ocr.org.uk/qualifications/gcse/mathematics-j560-from-2015/specification-at-a-glance/,2026-08-18,published,published,12,10,indices-and-surds-ocr-gcse-maths;approximation-and-estimation-ocr-gcse-maths;ratio-proportion-and-rates-of-change-ocr-gcse-maths;algebra-ocr-gcse-maths;graphs-of-equations-and-functions-ocr-gcse-maths;basic-geometry-ocr-gcse-maths;congruence-and-similarity-ocr-gcse-maths;mensuration-ocr-gcse-maths;probability-ocr-gcse-maths;statistics-ocr-gcse-maths,modeled,1,VERIFIED_COMPLETE,linear,6,https://www.ocr.org.uk/qualifications/gcse/mathematics-j560-from-2015/specification-at-a-glance/,2026-08-28,current,2,2,0,2,1,0,0,7,0,7,0,marlbridge-academic-team (7),sajawal-zahid (7),2026-09-29,2026-09-07,NO_DATA,teaching,enquire,true,7099,board,under-8-resources;topics-without-resources;evidence-is-blanket-authorization-not-subject-specific-confirmation,Write resources for unmapped topics (10).
OCR,ocr,GCSE,gcse,Business,business,J204,verified,2017-ongoing,https://www.ocr.org.uk/qualifications/gcse/business-j204-from-2017/,https://www.ocr.org.uk/qualifications/gcse/business-j204-from-2017/specification-at-a-glance/,2026-08-18,published,published,2,0,,modeled,1,VERIFIED_COMPLETE,linear,2,https://www.ocr.org.uk/qualifications/gcse/business-j204-from-2017/specification-at-a-glance/,2026-08-28,current,2,2,0,2,1,0,0,7,0,7,0,marlbridge-academic-team (7),salman-ahmad (7),2026-09-29,2026-09-27,NO_DATA,teaching,enquire,true,8626,board,under-8-resources;evidence-is-blanket-authorization-not-subject-specific-confirmation,Add resources to reach the 8-resource depth target.
OCR,ocr,GCSE,gcse,Economics,economics,J205,verified,2017-ongoing,https://www.ocr.org.uk/qualifications/gcse/economics-j205-from-2017/,https://www.ocr.org.uk/qualifications/gcse/economics-j205-from-2017/specification-at-a-glance/,2026-08-18,published,published,4,2,economic-objectives-and-the-role-of-government-ocr-gcse-economics;international-trade-and-the-global-economy-ocr-gcse-economics,modeled,1,VERIFIED_COMPLETE,linear,2,https://www.ocr.org.uk/qualifications/gcse/economics-j205-from-2017/specification-at-a-glance/,2026-08-28,current,2,2,0,2,1,0,0,7,0,7,0,marlbridge-academic-team (7),salman-ahmad (7),2026-09-29,2026-09-07,NO_DATA,teaching,enquire,true,8810,board,under-8-resources;topics-without-resources;evidence-is-blanket-authorization-not-subject-specific-confirmation,Write resources for unmapped topics (2).
OCR,ocr,A Level,a-level,Chemistry,chemistry,H432,verified,2015-current,https://www.ocr.org.uk/qualifications/as-and-a-level/chemistry-a-h032-h432-from-2015/,https://www.ocr.org.uk/images/171720-specification-accredited-a-level-gce-chemistry-a-h432.pdf,2026-08-18,published,published,6,5,ocr-a-level-chemistry-development-of-practical-skills-in-chemistry;ocr-a-level-chemistry-periodic-table-and-energy;ocr-a-level-chemistry-core-organic-chemistry;ocr-a-level-chemistry-physical-chemistry-and-transition-elements;ocr-a-level-chemistry-organic-chemistry-and-analysis,modeled,1,VERIFIED_COMPLETE,linear,3,https://www.ocr.org.uk/Images/assessment-story-exploring-our-question-papers-chemistrya.pdf,2026-08-28,current,4,1,0,1,1,0,0,7,0,7,0,marlbridge-academic-team (4); nouman-ahmed (3),nouman-ahmed (4); farhat-ul-ain-sehgal (3),2026-09-29,2026-09-07,NO_DATA,teaching,enquire,true,8627,board,under-8-resources;topics-without-resources;evidence-is-blanket-authorization-not-subject-specific-confirmation,Write resources for unmapped topics (5).
OCR,ocr,A Level,a-level,Physics,physics,H556,verified,2015-ongoing,https://www.ocr.org.uk/qualifications/as-and-a-level/physics-a-h156-h556-from-2015/,https://www.ocr.org.uk/Images/171726-specification-accredited-a-level-gce-physics-a-h556.pdf,2026-08-18,published,published,6,4,forces-and-motion-ocr-alevel;electrons-waves-and-photons;newtonian-world-and-astrophysics;particles-and-medical-physics,modeled,1,VERIFIED_COMPLETE,linear,3,https://www.ocr.org.uk/Images/assessment-story-exploring-our-question-papers-physicsa.pdf,2026-08-28,current,2,2,0,2,1,0,0,7,0,7,0,marlbridge-academic-team (7),iftikhar-azeemi (7),2026-09-29,2026-09-07,NO_DATA,teaching,enquire,true,7279,board,under-8-resources;topics-without-resources;evidence-is-blanket-authorization-not-subject-specific-confirmation,Write resources for unmapped topics (4).
OCR,ocr,A Level,a-level,Biology,biology,H420,verified,2023-ongoing,https://www.ocr.org.uk/qualifications/as-and-a-level/biology-a-h020-h420-from-2015/,https://www.ocr.org.uk/Images/687834-download-a-level-specification.pdf,2026-08-18,published,published,6,3,biodiversity-evolution-and-disease-ocr-alevel-biology;communication-homeostasis-and-energy-ocr-alevel-biology;genetics-evolution-and-ecosystems-ocr-alevel-biology,modeled,1,VERIFIED_COMPLETE,linear,3,https://www.ocr.org.uk/Images/assessment-story-exploring-our-question-papers-biologya.pdf,2026-08-28,current,3,2,0,2,1,0,0,8,0,8,0,marlbridge-academic-team (8),hina-mogul (8),2026-09-29,2026-09-09,NO_DATA,teaching,enquire,true,11293,board,topics-without-resources;evidence-is-blanket-authorization-not-subject-specific-confirmation,Write resources for unmapped topics (3).
OCR,ocr,A Level,a-level,Mathematics,mathematics,H240,verified,2017-ongoing,https://www.ocr.org.uk/qualifications/as-and-a-level/mathematics-a-h230-h240-from-2017/,https://www.ocr.org.uk/qualifications/as-and-a-level/mathematics-a-h230-h240-from-2017/specification-at-a-glance/,2026-08-18,published,published,3,1,mechanics-ocr-alevel-maths,modeled,1,VERIFIED_COMPLETE,linear,3,https://www.ocr.org.uk/qualifications/as-and-a-level/mathematics-a-h230-h240-from-2017/specification-at-a-glance/,2026-08-28,current,2,2,0,2,1,0,0,7,0,7,0,marlbridge-academic-team (7),sajawal-zahid (7),2026-09-29,2026-09-07,NO_DATA,teaching,enquire,true,7665,board,under-8-resources;topics-without-resources;evidence-is-blanket-authorization-not-subject-specific-confirmation,Write resources for unmapped topics (1).
OCR,ocr,A Level,a-level,Business,business,H431,verified,2015-2027,https://www.ocr.org.uk/qualifications/as-and-a-level/business-h031-h431-from-2015/,https://www.ocr.org.uk/qualifications/as-and-a-level/business-h031-h431-from-2015/specification-at-a-glance/,2026-08-18,published,published,7,4,operational-strategy-ocr-alevel-business;human-resources-ocr-alevel-business;accounting-and-financial-considerations-ocr-alevel-business;the-global-environment-of-business-ocr-alevel-business,modeled,2,VERIFIED_COMPLETE,linear,3,https://www.ocr.org.uk/Images/716172-specification-accredited-a-level-gce-business-h436.pdf,2026-10-04,current,3,2,0,2,1,0,0,8,0,8,0,marlbridge-academic-team (8),salman-ahmad (8),2026-09-29,2026-09-09,NO_DATA,teaching,enquire,true,10284,board,topics-without-resources;evidence-is-blanket-authorization-not-subject-specific-confirmation,Write resources for unmapped topics (4).
OCR,ocr,A Level,a-level,Economics,economics,H460,verified,2019-ongoing,https://www.ocr.org.uk/qualifications/as-and-a-level/economics-h060-h460-from-2019/,https://www.ocr.org.uk/qualifications/as-and-a-level/economics-h060-h460-from-2019/specification-at-a-glance/,2026-08-18,published,published,3,1,themes-in-economics-ocr-alevel-economics,modeled,1,VERIFIED_COMPLETE,linear,3,https://www.ocr.org.uk/qualifications/as-and-a-level/economics-h060-h460-from-2019/specification-at-a-glance/,2026-08-28,current,2,2,0,2,1,0,0,7,0,7,0,marlbridge-academic-team (7),salman-ahmad (7),2026-09-29,2026-09-07,NO_DATA,teaching,enquire,true,9634,board,under-8-resources;topics-without-resources;evidence-is-blanket-authorization-not-subject-specific-confirmation,Write resources for unmapped topics (1).
OxfordAQA,oxfordaqa,IGCSE,igcse,Accounting,accounting,9215,verified,2024-ongoing,https://www.oxfordaqa.com/qualifications/international-gcse-accounting/,NO_DATA,2026-08-18,published,published,5,3,development-of-the-accounting-model;preparation-of-financial-statements-oxfordaqa-igcse;interpretation-analysis-and-communication-of-financial-information,modeled,1,VERIFIED_COMPLETE,linear,2,https://www.oxfordaqa.com/qualifications/international-gcse-accounting/,2026-08-28,current,2,2,0,2,1,0,0,7,0,7,0,marlbridge-academic-team (7),javaid-iqbal-sabri (7),2026-09-29,2026-09-07,NO_DATA,teaching,enquire,true,7019,board,under-8-resources;topics-without-resources;evidence-is-blanket-authorization-not-subject-specific-confirmation,Write resources for unmapped topics (3).
OxfordAQA,oxfordaqa,IGCSE,igcse,Business,business,9225,verified,2020-ongoing,https://www.oxfordaqa.com/qualifications/international-gcse-business/,NO_DATA,2026-08-18,published,published,6,4,business-operations-oxfordaqa-igcse-business;human-resources-oxfordaqa-igcse-business;marketing-oxfordaqa-igcse-business;finance-oxfordaqa-igcse-business,modeled,1,VERIFIED_COMPLETE,linear,2,https://www.oxfordaqa.com/qualifications/international-gcse-business/,2026-08-28,current,2,2,0,2,1,0,0,7,0,7,0,marlbridge-academic-team (7),salman-ahmad (7),2026-09-29,2026-09-07,NO_DATA,teaching,enquire,true,9022,board,under-8-resources;topics-without-resources;evidence-is-blanket-authorization-not-subject-specific-confirmation,Write resources for unmapped topics (4).
OxfordAQA,oxfordaqa,IGCSE,igcse,Computer Science,computer-science,9210,verified,2017-ongoing,https://www.oxfordaqa.com/qualifications/international-gcse-computer-science/,NO_DATA,2026-08-18,published,published,8,6,data-representation-9210;computer-systems-9210;computer-networks;cyber-security-9210;relational-databases-and-sql;web-page-design,modeled,1,VERIFIED_COMPLETE,linear,2,https://www.oxfordaqa.com/qualifications/international-gcse-computer-science/,2026-08-28,current,2,2,0,2,1,0,0,7,0,7,0,marlbridge-academic-team (7),harris-khan (7),2026-09-29,2026-09-07,NO_DATA,teaching,enquire,true,7486,board,under-8-resources;topics-without-resources;evidence-is-blanket-authorization-not-subject-specific-confirmation,Write resources for unmapped topics (6).
OxfordAQA,oxfordaqa,IGCSE,igcse,Economics,economics,9214,verified,2023-ongoing,https://www.oxfordaqa.com/qualifications/international-gcse-economics/,NO_DATA,2026-08-18,published,published,2,0,,modeled,1,VERIFIED_COMPLETE,linear,2,https://www.oxfordaqa.com/qualifications/international-gcse-economics/,2026-08-28,current,2,2,0,2,1,0,0,7,0,7,0,marlbridge-academic-team (7),salman-ahmad (7),2026-09-29,2026-09-07,NO_DATA,teaching,enquire,true,7837,board,under-8-resources;evidence-is-blanket-authorization-not-subject-specific-confirmation,Add resources to reach the 8-resource depth target.
OxfordAQA,oxfordaqa,IGCSE,igcse,Mathematics,mathematics,9260,verified,2016-ongoing,https://www.oxfordaqa.com/qualifications/international-gcse-mathematics/,https://www.oxfordaqa.com/wp-content/uploads/2022/06/oxfordaqa-gcse-mathematics-specification.pdf,2026-08-18,published,published,4,2,geometry-and-measures-oxfordaqa-igcse-maths;statistics-and-probability-oxfordaqa-igcse-maths,modeled,1,VERIFIED_COMPLETE,linear,4,https://www.oxfordaqa.com/qualifications/international-gcse-mathematics/,2026-08-28,current,2,2,0,2,1,0,0,7,0,7,0,marlbridge-academic-team (7),sajawal-zahid (7),2026-09-29,2026-09-07,NO_DATA,teaching,enquire,true,6929,board,under-8-resources;topics-without-resources;evidence-is-blanket-authorization-not-subject-specific-confirmation,Write resources for unmapped topics (2).
OxfordAQA,oxfordaqa,IGCSE,igcse,Biology,biology,9201,verified,2016-ongoing,https://www.oxfordaqa.com/qualifications/international-gcse-biology/,https://www.oxfordaqa.com/wp-content/uploads/2026/07/oxfordaqa-gcse-biology-specification.pdf,2026-08-18,published,published,6,4,ecology-oxfordaqa-igcse-biology;organisms-interaction-with-the-environment-oxfordaqa-igcse-biology;inheritance-oxfordaqa-igcse-biology;variation-and-evolution-oxfordaqa-igcse-biology,modeled,1,VERIFIED_COMPLETE,linear,2,https://www.oxfordaqa.com/qualifications/international-gcse-biology/,2026-08-28,current,2,2,0,2,1,0,0,7,0,7,0,marlbridge-academic-team (7),hina-mogul (7),2026-09-29,2026-09-27,NO_DATA,teaching,enquire,true,8736,board,under-8-resources;topics-without-resources;evidence-is-blanket-authorization-not-subject-specific-confirmation,Write resources for unmapped topics (4).
OxfordAQA,oxfordaqa,IGCSE,igcse,Chemistry,chemistry,9202,verified,2016-ongoing,https://www.oxfordaqa.com/qualifications/international-gcse-chemistry/,https://www.oxfordaqa.com/wp-content/uploads/2026/07/oxfordaqa-gcse-chemistry-specification.pdf,2026-08-18,published,published,10,8,structure-bonding-and-the-properties-of-matter-9202;chemical-changes-9202;chemical-analysis-9202;acids-bases-and-salts-9202;trends-within-the-periodic-table-9202;the-rate-and-extent-of-chemical-change-9202;energy-changes-9202;organic-chemistry-9202,modeled,1,VERIFIED_COMPLETE,linear,2,https://www.oxfordaqa.com/qualifications/international-gcse-chemistry/,2026-08-28,current,2,2,0,2,1,0,0,7,0,7,0,marlbridge-academic-team (4); nouman-ahmed (3),nouman-ahmed (4); farhat-ul-ain-sehgal (3),2026-09-29,2026-09-07,NO_DATA,teaching,enquire,true,7016,board,under-8-resources;topics-without-resources;evidence-is-blanket-authorization-not-subject-specific-confirmation,Write resources for unmapped topics (8).
OxfordAQA,oxfordaqa,IGCSE,igcse,Physics,physics,9203,verified,2018-ongoing,https://www.oxfordaqa.com/qualifications/international-gcse-physics/,https://www.oxfordaqa.com/wp-content/uploads/2026/07/oxfordaqa-international-gcse-physics-specification.pdf,2026-08-18,published,published,8,6,waves-oxfordaqa-igcse;particle-model-of-matter-oxfordaqa-igcse;electricity-and-magnetism-oxfordaqa-igcse;generating-and-distributing-electricity-and-household-use;nuclear-physics-oxfordaqa-igcse;space-physics-oxfordaqa-igcse,modeled,1,VERIFIED_COMPLETE,linear,2,https://www.oxfordaqa.com/qualifications/international-gcse-physics/,2026-08-28,current,2,2,0,2,1,0,0,7,0,7,0,marlbridge-academic-team (7),iftikhar-azeemi (7),2026-09-29,2026-09-07,NO_DATA,teaching,enquire,true,7465,board,under-8-resources;topics-without-resources;evidence-is-blanket-authorization-not-subject-specific-confirmation,Write resources for unmapped topics (6).
OxfordAQA,oxfordaqa,IGCSE,igcse,English Language,english-language,9270,verified,2018-ongoing,https://www.oxfordaqa.com/qualifications/international-gcse-english-language/,https://www.oxfordaqa.com/wp-content/uploads/2026/07/oxfordaqa-gcse-english-language-specification.pdf,2026-08-18,published,published,4,2,non-exam-assessment-9270;speaking-and-listening-optional-endorsement-9270,modeled,1,VERIFIED_COMPLETE,mixed,3,https://www.oxfordaqa.com/qualifications/international-gcse-english-language/,2026-08-28,current,2,2,0,2,1,0,0,7,0,7,0,marlbridge-academic-team (7),ammar-bilal (7),2026-09-29,2026-09-07,NO_DATA,teaching,enquire,true,7358,board,under-8-resources;topics-without-resources;evidence-is-blanket-authorization-not-subject-specific-confirmation,Write resources for unmapped topics (2).
OxfordAQA,oxfordaqa,IGCSE,igcse,English Literature,english-literature,9275,verified,2018-2027,https://www.oxfordaqa.com/qualifications/international-gcse-english-literature/,https://www.oxfordaqa.com/wp-content/uploads/2026/07/oxfordaqa-international-gcse-english-literature-specification-2018.pdf,2026-08-18,published,published,3,1,route-b-poetry-and-non-exam-assessment-9275,modeled,1,VERIFIED_COMPLETE,component-based,4,https://www.oxfordaqa.com/qualifications/international-gcse-english-literature/,2026-08-28,current,2,2,0,2,1,0,0,7,0,7,0,marlbridge-academic-team (7),ammar-bilal (7),2026-09-29,2026-09-07,NO_DATA,teaching,enquire,true,7367,board,under-8-resources;topics-without-resources;evidence-is-blanket-authorization-not-subject-specific-confirmation,Write resources for unmapped topics (1).
OxfordAQA,oxfordaqa,IGCSE,igcse,Geography,geography,9230,verified,2018-ongoing,https://www.oxfordaqa.com/qualifications/international-gcse-geography/,https://www.oxfordaqa.com/wp-content/uploads/2026/07/oxfordaqa-gcse-geography-specification.pdf,2026-08-18,published,published,3,0,,modeled,1,VERIFIED_COMPLETE,linear,3,https://www.oxfordaqa.com/qualifications/international-gcse-geography/,2026-08-28,current,3,3,0,3,1,0,0,10,0,0,10,marlbridge-academic-team (10),NO_DATA,NO_DATA,2026-09-29,NO_DATA,teaching,enquire,true,14801,board,evidence-is-blanket-authorization-not-subject-specific-confirmation,Named-reviewer sign-off of review-pending resources.
OxfordAQA,oxfordaqa,IGCSE,igcse,World History,world-history,9245,verified,2026-ongoing,https://www.oxfordaqa.com/qualifications/international-gcse-history/,https://www.oxfordaqa.com/wp-content/uploads/2026/07/oxfordaqa-international-gcse-history-specification.pdf,2026-08-18,published,published,2,0,,modeled,1,VERIFIED_COMPLETE,linear,2,https://www.oxfordaqa.com/qualifications/international-gcse-history/,2026-08-28,current,2,2,0,2,1,0,0,7,0,7,0,marlbridge-academic-team (7),azam-siddique (7),2026-09-29,2026-09-09,NO_DATA,teaching,enquire,true,8834,board,under-8-resources;evidence-is-blanket-authorization-not-subject-specific-confirmation,Add resources to reach the 8-resource depth target.
OxfordAQA,oxfordaqa,IGCSE,igcse,Islamiyat,islamiyat,9237,verified,2026-ongoing,https://www.oxfordaqa.com/qualifications/international-gcse-islamiat/,https://www.oxfordaqa.com/wp-content/uploads/2024/04/oxfordaqa-international-gcse-islamiat-specification.pdf,2026-08-18,published,published,2,0,,modeled,1,VERIFIED_COMPLETE,linear,2,https://www.oxfordaqa.com/qualifications/international-gcse-islamiat/,2026-08-28,current,2,2,0,2,1,0,0,7,0,7,0,marlbridge-academic-team (7),azam-siddique (7),2026-09-29,2026-09-09,NO_DATA,teaching,enquire,true,10441,board,under-8-resources;evidence-is-blanket-authorization-not-subject-specific-confirmation,Add resources to reach the 8-resource depth target.
OxfordAQA,oxfordaqa,IGCSE,igcse,Pakistan Studies,pakistan-studies,9236,verified,2026-ongoing,https://www.oxfordaqa.com/qualifications/international-gcse-pakistan-studies/,https://www.oxfordaqa.com/wp-content/uploads/2026/07/oxfordaqa-international-gcse-pakistan-studies-specification.pdf,2026-08-18,published,published,2,0,,modeled,1,VERIFIED_COMPLETE,linear,2,https://www.oxfordaqa.com/wp-content/uploads/2026/07/oxfordaqa-international-gcse-pakistan-studies-specification.pdf,2026-10-04,current,2,2,0,2,1,0,0,7,0,7,0,marlbridge-academic-team (7),azam-siddique (7),2026-09-29,2026-09-09,NO_DATA,teaching,enquire,true,9328,board,under-8-resources;evidence-is-blanket-authorization-not-subject-specific-confirmation,Add resources to reach the 8-resource depth target.
OxfordAQA,oxfordaqa,IGCSE,igcse,Psychology,psychology,9218,verified,2023-ongoing,https://www.oxfordaqa.com/qualifications/international-gcse-psychology/,https://www.oxfordaqa.com/wp-content/uploads/2023/10/oxfordaqa-gcse-psychology-specification.pdf,2026-08-18,published,published,2,0,,modeled,1,VERIFIED_COMPLETE,linear,2,https://www.oxfordaqa.com/qualifications/international-gcse-psychology/,2026-08-28,current,2,2,0,2,1,0,0,7,0,0,7,marlbridge-academic-team (7),NO_DATA,NO_DATA,2026-09-09,NO_DATA,teaching,enquire,true,9709,board,under-8-resources;evidence-is-blanket-authorization-not-subject-specific-confirmation,Add resources to reach the 8-resource depth target.
OxfordAQA,oxfordaqa,IGCSE,igcse,Sociology,sociology,9292,verified,2026-ongoing,https://www.oxfordaqa.com/qualifications/international-gcse-sociology/,https://www.oxfordaqa.com/wp-content/uploads/2026/07/oxfordaqa-international-gcse-sociology-specification.pdf,2026-08-18,published,published,2,0,,modeled,1,VERIFIED_COMPLETE,linear,2,https://www.oxfordaqa.com/qualifications/international-gcse-sociology/,2026-08-28,current,2,2,0,2,1,0,0,7,0,0,7,marlbridge-academic-team (7),NO_DATA,NO_DATA,2026-09-09,NO_DATA,teaching,enquire,true,8395,board,under-8-resources;evidence-is-blanket-authorization-not-subject-specific-confirmation,Add resources to reach the 8-resource depth target.
OxfordAQA,oxfordaqa,IGCSE,igcse,Urdu Language,urdu-language,9264,verified,2026-ongoing,https://www.oxfordaqa.com/qualifications/international-gcse-urdu/,https://www.oxfordaqa.com/wp-content/uploads/2026/07/oxfordaqa-intenational-gcse-urdu-specification.pdf,2026-08-18,published,published,3,0,,modeled,1,VERIFIED_COMPLETE,linear,2,https://www.oxfordaqa.com/qualifications/international-gcse-urdu/,2026-08-28,current,3,3,0,3,0,0,0,9,1,9,0,marlbridge-academic-team (9),farheen-zehra (9),2026-09-29,2026-09-05,NO_DATA,teaching,enquire,true,8633,board,evidence-is-blanket-authorization-not-subject-specific-confirmation,None.
OxfordAQA,oxfordaqa,A Level,a-level,Accounting,accounting,9615,verified,2024-ongoing,https://www.oxfordaqa.com/qualifications/international-as-a-level-accounting/,NO_DATA,2026-08-18,published,published,20,18,the-double-entry-model-oxfordaqa;verification-of-accounting-records-oxfordaqa-alevel;accounting-concepts-used-in-the-preparation-of-accounting-records-oxfordaqa;preparation-of-financial-statements-of-sole-traders-oxfordaqa;limited-company-accounts-oxfordaqa;analysis-and-evaluation-of-financial-information-oxfordaqa;budgeting-oxfordaqa;marginal-costing-oxfordaqa;standard-costing-and-variance-analysis-oxfordaqa;absorption-and-activity-based-costing-oxfordaqa;capital-investment-appraisal-oxfordaqa;accounting-for-organisations-with-incomplete-records-oxfordaqa;partnership-accounts-oxfordaqa;accounting-for-limited-companies-oxfordaqa;manufacturing-accounts-oxfordaqa;clubs-and-non-profit-making-organisations;interpretation-analysis-and-communication-of-accounting-information-oxfordaqa;the-impact-of-ethical-considerations-oxfordaqa,modeled,1,VERIFIED_COMPLETE,modular,4,https://www.oxfordaqa.com/qualifications/international-as-a-level-accounting/,2026-08-28,current,2,2,0,2,1,0,0,7,0,7,0,marlbridge-academic-team (7),javaid-iqbal-sabri (7),2026-09-29,2026-09-09,NO_DATA,teaching,enquire,true,6882,board,under-8-resources;topics-without-resources;evidence-is-blanket-authorization-not-subject-specific-confirmation,Write resources for unmapped topics (18).
OxfordAQA,oxfordaqa,A Level,a-level,Business,business,9625 / 9725,verified,2026-ongoing,https://www.oxfordaqa.com/qualifications/international-as-a-level-business-revised/,https://www.oxfordaqa.com/wp-content/uploads/2026/06/oxfordaqa-a-level-business-specification_9725.pdf,2026-08-18,published,published,16,14,operational-performance-oxfordaqa-alevel-business;human-resources-oxfordaqa-alevel-business;finance-oxfordaqa-alevel-business;mission-objective-and-swot-analysis-oxfordaqa-alevel-business;analysing-the-existing-internal-position-of-a-business-oxfordaqa-alevel-business;analysing-the-industry-environment-oxfordaqa-alevel-business;analysing-the-external-environment-oxfordaqa-alevel-business;analysing-future-sales-oxfordaqa-alevel-business;strategic-options-choosing-markets-and-products-oxfordaqa-alevel-business;strategic-positioning-choosing-how-to-compete-oxfordaqa-alevel-business;deciding-on-a-strategic-investment-oxfordaqa-alevel-business;types-of-strategies-oxfordaqa-alevel-business;implementing-a-strategy-oxfordaqa-alevel-business;change-risk-and-uncertainty-oxfordaqa-alevel-business,modeled,2,VERIFIED_COMPLETE,modular,4,https://www.oxfordaqa.com/qualifications/international-as-a-level-business-revised/,2026-08-28,current,2,2,0,2,1,0,0,7,0,7,0,marlbridge-academic-team (7),salman-ahmad (7),2026-09-29,2026-09-09,NO_DATA,teaching,enquire,true,11749,board,under-8-resources;topics-without-resources;evidence-is-blanket-authorization-not-subject-specific-confirmation,Write resources for unmapped topics (14).
OxfordAQA,oxfordaqa,A Level,a-level,Computer Science,computer-science,9645,verified,2024-ongoing,https://www.oxfordaqa.com/qualifications/international-as-a-level-computer-science/,NO_DATA,2026-08-18,published,published,16,14,program-design-9645;searching-and-sorting-algorithms;representing-data;computer-systems-9645;computer-organisation-and-architecture;machine-code-and-assembly-language;object-oriented-and-additional-programming;advanced-data-structures;advanced-algorithms;functional-programming;theory-of-computation-9645;networking-and-cyber-security;databases-9645;artificial-intelligence-9645,modeled,1,VERIFIED_COMPLETE,modular,4,https://www.oxfordaqa.com/qualifications/international-as-a-level-computer-science/,2026-08-28,current,2,2,0,2,1,0,0,7,1,7,0,marlbridge-academic-team (7),harris-khan (7),2026-09-29,2026-09-09,NO_DATA,teaching,enquire,true,7382,board,under-8-resources;topics-without-resources;evidence-is-blanket-authorization-not-subject-specific-confirmation,Write resources for unmapped topics (14).
OxfordAQA,oxfordaqa,A Level,a-level,Economics,economics,9640,verified,2020-ongoing,https://www.oxfordaqa.com/qualifications/international-as-a-level-economics/,NO_DATA,2026-08-18,published,published,5,3,the-economics-of-business-behaviour-and-the-distribution-of-income-oxfordaqa-alevel-economics;economic-development-and-global-environment-oxfordaqa-alevel-economics;quantitative-skills-oxfordaqa-alevel-economics,modeled,1,VERIFIED_COMPLETE,modular,4,https://www.oxfordaqa.com/qualifications/international-as-a-level-economics/,2026-08-28,current,2,2,0,2,1,0,0,7,0,7,0,marlbridge-academic-team (7),salman-ahmad (7),2026-09-29,2026-09-09,NO_DATA,teaching,enquire,true,8812,board,under-8-resources;topics-without-resources;evidence-is-blanket-authorization-not-subject-specific-confirmation,Write resources for unmapped topics (3).
OxfordAQA,oxfordaqa,A Level,a-level,Mathematics,mathematics,9660,verified,2017-ongoing,https://www.oxfordaqa.com/qualifications/international-as-a-level-mathematics/,https://www.oxfordaqa.com/wp-content/uploads/2023/10/oxfordaqa-a-level-mathematics-specification.pdf,2026-08-18,published,published,7,5,unit-psm1-pp1-pure-maths-oxfordaqa-alevel-maths;unit-psm1-m1-mechanics-oxfordaqa-alevel-maths;unit-p2-pure-maths-oxfordaqa-alevel-maths;unit-s2-statistics-oxfordaqa-alevel-maths;unit-m2-mechanics-oxfordaqa-alevel-maths,modeled,1,VERIFIED_COMPLETE,modular,5,https://www.oxfordaqa.com/qualifications/international-as-a-level-mathematics/,2026-08-28,current,2,2,0,2,1,0,0,7,1,7,0,marlbridge-academic-team (7),sajawal-zahid (7),2026-09-29,2026-09-09,NO_DATA,teaching,enquire,true,7189,board,under-8-resources;topics-without-resources;evidence-is-blanket-authorization-not-subject-specific-confirmation,Write resources for unmapped topics (5).
OxfordAQA,oxfordaqa,A Level,a-level,Biology,biology,9610,verified,2016-ongoing,https://www.oxfordaqa.com/qualifications/international-as-a-level-biology/,https://www.oxfordaqa.com/wp-content/uploads/2022/08/oxfordaqa-a-level-biology-specification.pdf,2026-08-18,published,published,4,2,populations-and-genes-oxfordaqa-alevel-biology;control-oxfordaqa-alevel-biology,modeled,1,VERIFIED_COMPLETE,modular,5,https://www.oxfordaqa.com/qualifications/international-as-a-level-biology/,2026-08-28,current,2,2,0,2,1,0,0,7,0,7,0,marlbridge-academic-team (7),hina-mogul (7),2026-09-29,2026-09-09,NO_DATA,teaching,enquire,true,7572,board,under-8-resources;topics-without-resources;evidence-is-blanket-authorization-not-subject-specific-confirmation,Write resources for unmapped topics (2).
OxfordAQA,oxfordaqa,A Level,a-level,Chemistry,chemistry,9620,verified,2019-current,https://www.oxfordaqa.com/qualifications/international-as-a-level-chemistry/,https://www.oxfordaqa.com/wp-content/uploads/2026/07/oxfordaqa-a-level-chemistry-specification.pdf,2026-08-18,published,published,34,29,oxfordaqa-a-level-chemistry-oxidation-reduction-and-redox-equations;oxfordaqa-a-level-chemistry-kinetics;oxfordaqa-a-level-chemistry-thermodynamics;oxfordaqa-a-level-chemistry-electrode-potentials-and-electrochemical-cells;oxfordaqa-a-level-chemistry-acids-and-bases;oxfordaqa-a-level-chemistry-rate-equations;oxfordaqa-a-level-chemistry-equilibrium-constant-kp-for-homogeneous-systems;oxfordaqa-a-level-chemistry-periodicity;oxfordaqa-a-level-chemistry-group-2-the-alkaline-earth-metals;oxfordaqa-a-level-chemistry-group-7-17-the-halogens;oxfordaqa-a-level-chemistry-properties-of-period-3-elements-and-their-oxides-and-chlorides;oxfordaqa-a-level-chemistry-transition-metals;oxfordaqa-a-level-chemistry-reactions-of-ions-in-aqueous-solution;oxfordaqa-a-level-chemistry-introduction-to-organic-chemistry;oxfordaqa-a-level-chemistry-alkanes;oxfordaqa-a-level-chemistry-halogenoalkanes;oxfordaqa-a-level-chemistry-alkenes;oxfordaqa-a-level-chemistry-alcohols;oxfordaqa-a-level-chemistry-organic-analysis;oxfordaqa-a-level-chemistry-optical-isomerism;oxfordaqa-a-level-chemistry-aldehydes-and-ketones;oxfordaqa-a-level-chemistry-carboxylic-acids-and-derivatives;oxfordaqa-a-level-chemistry-aromatic-chemistry;oxfordaqa-a-level-chemistry-amines;oxfordaqa-a-level-chemistry-polymers;oxfordaqa-a-level-chemistry-amino-acids-and-proteins;oxfordaqa-a-level-chemistry-organic-synthesis;oxfordaqa-a-level-chemistry-nuclear-magnetic-resonance-spectroscopy;oxfordaqa-a-level-chemistry-chromatography,modeled,1,VERIFIED_COMPLETE,modular,5,https://www.oxfordaqa.com/qualifications/international-as-a-level-chemistry/,2026-08-28,current,6,1,0,1,0,0,0,8,0,8,0,marlbridge-academic-team (5); nouman-ahmed (3),nouman-ahmed (5); farhat-ul-ain-sehgal (3),2026-09-29,2026-09-02,NO_DATA,teaching,enquire,true,7810,board,topics-without-resources;evidence-is-blanket-authorization-not-subject-specific-confirmation,Write resources for unmapped topics (29).
OxfordAQA,oxfordaqa,A Level,a-level,Physics,physics,9630,verified,2019-ongoing,https://www.oxfordaqa.com/qualifications/international-as-a-level-physics/,https://www.oxfordaqa.com/wp-content/uploads/2026/07/oxfordaqa-international-as-and-a-level-physics-specification.pdf,2026-08-18,published,published,13,11,particles-radiation-and-radioactivity;electricity-oxfordaqa-alevel;oscillations-and-waves-oxfordaqa-alevel;circular-and-periodic-motion-oxfordaqa;gravitational-fields-and-satellites;electric-fields-and-capacitance;exponential-change-oxfordaqa;magnetic-fields-oxfordaqa-alevel;thermal-physics-oxfordaqa-alevel;nuclear-energy-oxfordaqa-alevel;energy-sources-oxfordaqa-alevel,modeled,1,VERIFIED_COMPLETE,modular,5,https://www.oxfordaqa.com/qualifications/international-as-a-level-physics/,2026-08-28,current,2,2,0,2,1,0,0,7,0,7,0,marlbridge-academic-team (7),iftikhar-azeemi (7),2026-09-29,2026-09-09,NO_DATA,teaching,enquire,true,6966,board,under-8-resources;topics-without-resources;evidence-is-blanket-authorization-not-subject-specific-confirmation,Write resources for unmapped topics (11).
OxfordAQA,oxfordaqa,A Level,a-level,English Language,english-language,9670,verified,2018-ongoing,https://www.oxfordaqa.com/qualifications/international-as-a-level-english-language/,https://www.oxfordaqa.com/wp-content/uploads/2023/10/oxfordaqa-a-level-english-language-specification.pdf,2026-08-18,published,published,4,2,unit-3-language-variation-9670;unit-4-language-exploration-9670,modeled,1,VERIFIED_COMPLETE,mixed,5,https://www.oxfordaqa.com/qualifications/international-as-a-level-english-language/,2026-08-28,current,2,2,0,2,1,0,0,7,1,7,0,marlbridge-academic-team (7),ammar-bilal (7),2026-09-29,2026-09-09,NO_DATA,teaching,enquire,true,7486,board,under-8-resources;topics-without-resources;evidence-is-blanket-authorization-not-subject-specific-confirmation,Write resources for unmapped topics (2).
OxfordAQA,oxfordaqa,A Level,a-level,English Literature,english-literature,9675,verified,2018-2028,https://www.oxfordaqa.com/qualifications/international-as-a-level-english-literature/,https://www.oxfordaqa.com/wp-content/uploads/2026/07/oxfordaqa-a-level-english-literature-specification.pdf,2026-08-18,published,published,4,2,unit-3-elements-of-crime-and-mystery-9675;unit-4-literary-representations-9675,modeled,1,VERIFIED_COMPLETE,mixed,5,https://www.oxfordaqa.com/qualifications/international-as-a-level-english-literature/,2026-08-28,current,2,2,0,2,1,0,0,7,0,7,0,marlbridge-academic-team (7),ammar-bilal (7),2026-09-29,2026-09-09,NO_DATA,teaching,enquire,true,7331,board,under-8-resources;topics-without-resources;evidence-is-blanket-authorization-not-subject-specific-confirmation,Write resources for unmapped topics (2).
OxfordAQA,oxfordaqa,A Level,a-level,Geography,geography,9635,verified,2018-ongoing,https://www.oxfordaqa.com/qualifications/international-as-a-level-geography/,https://www.oxfordaqa.com/wp-content/uploads/2026/07/oxfordaqa-a-level-geography-specification.pdf,2026-08-18,published,published,5,0,,modeled,1,VERIFIED_COMPLETE,modular,6,https://www.oxfordaqa.com/qualifications/international-as-a-level-geography/,2026-08-28,current,7,7,0,7,1,0,0,22,0,0,22,marlbridge-academic-team (22),NO_DATA,NO_DATA,2026-09-29,NO_DATA,teaching,enquire,true,41917,board,evidence-is-blanket-authorization-not-subject-specific-confirmation,Named-reviewer sign-off of review-pending resources.
OxfordAQA,oxfordaqa,A Level,a-level,Psychology,psychology,9685,verified,2018-ongoing,https://www.oxfordaqa.com/qualifications/international-as-a-level-psychology/,https://www.oxfordaqa.com/wp-content/uploads/2022/08/oxfordaqa-a-level-psychology-specification.pdf,2026-08-18,published,published,4,0,,modeled,1,VERIFIED_COMPLETE,modular,4,https://www.oxfordaqa.com/qualifications/international-as-a-level-psychology/,2026-08-28,current,8,8,0,8,1,0,0,25,1,0,25,marlbridge-academic-team (25),NO_DATA,NO_DATA,2026-09-29,NO_DATA,teaching,enquire,true,48180,board,evidence-is-blanket-authorization-not-subject-specific-confirmation,Named-reviewer sign-off of review-pending resources.
OxfordAQA,oxfordaqa,A Level,a-level,Sociology,sociology,9690,verified,2026-ongoing,https://www.oxfordaqa.com/qualifications/international-as-a-level-sociology/,https://www.oxfordaqa.com/wp-content/uploads/2026/09/oxfordaqa-international-a-level-sociology-specification.pdf,2026-08-18,published,published,5,0,,modeled,1,VERIFIED_COMPLETE,modular,5,https://www.oxfordaqa.com/qualifications/international-as-a-level-sociology/,2026-08-28,current,5,5,0,5,1,0,0,16,1,0,16,marlbridge-academic-team (16),NO_DATA,NO_DATA,2026-09-29,NO_DATA,teaching,enquire,true,27267,board,evidence-is-blanket-authorization-not-subject-specific-confirmation,Named-reviewer sign-off of review-pending resources.
